county,state,"Rates of Persons Living with HIV, 2020"
"Autauga","Alabama",243
"Baldwin","Alabama",176
"Barbour","Alabama",457
"Bibb","Alabama",216
"Blount","Alabama",76
"Bullock","Alabama",638
"Butler","Alabama",340
"Calhoun","Alabama",255
"Chambers","Alabama",393
"Cherokee","Alabama",140
"Chilton","Alabama",162
"Choctaw","Alabama",262
"Clarke","Alabama",177
"Clay","Alabama",179
"Cleburne","Alabama",112
"Coffee","Alabama",176
"Colbert","Alabama",138
"Conecuh","Alabama",316
"Coosa","Alabama",223
"Covington","Alabama",154
"Crenshaw","Alabama",226
"Cullman","Alabama",97
"Dale","Alabama",316
"Dallas","Alabama",457
"DeKalb","Alabama",114
"Elmore","Alabama",298
"Escambia","Alabama",256
"Etowah","Alabama",220
"Fayette","Alabama",101
"Franklin","Alabama",85
"Geneva","Alabama",192
"Greene","Alabama",400
"Hale","Alabama",542
"Henry","Alabama",298
"Houston","Alabama",414
"Jackson","Alabama",93
"Jefferson","Alabama",683
"Lamar","Alabama",180
"Lauderdale","Alabama",121
"Lawrence","Alabama",83
"Lee","Alabama",236
"Limestone","Alabama",137
"Lowndes","Alabama",593
"Macon","Alabama",671
"Madison","Alabama",260
"Marengo","Alabama",177
"Marion","Alabama",150
"Marshall","Alabama",156
"Mobile","Alabama",564
"Monroe","Alabama",194
"Montgomery","Alabama",823
"Morgan","Alabama",144
"Perry","Alabama",282
"Pickens","Alabama",322
"Pike","Alabama",401
"Randolph","Alabama",82
"Russell","Alabama",419
"Shelby","Alabama",182
"St. Clair","Alabama",148
"Sumter","Alabama",400
"Talladega","Alabama",265
"Tallapoosa","Alabama",222
"Tuscaloosa","Alabama",309
"Walker","Alabama",153
"Washington","Alabama",103
"Wilcox","Alabama",245
"Winston","Alabama",54
"Aleutians East","Alaska",-4
"Aleutians West","Alaska",-4
"Anchorage","Alaska",-4
"Bethel","Alaska",-4
"Bristol Bay","Alaska",-4
"Chugach","Alaska",-4
"Copper River","Alaska",-4
"Denali","Alaska",-4
"Dillingham","Alaska",-4
"Fairbanks North Star","Alaska",-4
"Haines","Alaska",-4
"Hoonah-Angoon","Alaska",-4
"Juneau","Alaska",-4
"Kenai Peninsula","Alaska",-4
"Ketchikan Gateway","Alaska",-4
"Kodiak Island","Alaska",-4
"Kusilvak","Alaska",-4
"Lake and Peninsula","Alaska",-4
"Matanuska-Susitna","Alaska",-4
"Nome","Alaska",-4
"North Slope","Alaska",-4
"Northwest Arctic","Alaska",-4
"Petersburg","Alaska",-4
"Prince of Wales-Hyder","Alaska",-4
"Sitka","Alaska",-4
"Skagway","Alaska",-4
"Southeast Fairbanks","Alaska",-4
"Wrangell","Alaska",-4
"Yakutat","Alaska",-4
"Yukon-Koyukuk","Alaska",-4
"Apache","Arizona",212
"Cochise","Arizona",200
"Coconino","Arizona",143
"Gila","Arizona",116
"Graham","Arizona",107
"Greenlee","Arizona",67
"La Paz","Arizona",121
"Maricopa","Arizona",316
"Mohave","Arizona",145
"Navajo","Arizona",139
"Pima","Arizona",299
"Pinal","Arizona",261
"Santa Cruz","Arizona",179
"Yavapai","Arizona",138
"Yuma","Arizona",157
"Arkansas","Arkansas",249
"Ashley","Arkansas",135
"Baxter","Arkansas",108
"Benton","Arkansas",121
"Boone","Arkansas",88
"Bradley","Arkansas",125
"Calhoun","Arkansas",157
"Carroll","Arkansas",221
"Chicot","Arkansas",393
"Clark","Arkansas",152
"Clay","Arkansas",74
"Cleburne","Arkansas",101
"Cleveland","Arkansas",147
"Columbia","Arkansas",177
"Conway","Arkansas",176
"Craighead","Arkansas",182
"Crawford","Arkansas",106
"Crittenden","Arkansas",573
"Cross","Arkansas",261
"Dallas","Arkansas",-1
"Desha","Arkansas",230
"Drew","Arkansas",165
"Faulkner","Arkansas",173
"Franklin","Arkansas",66
"Fulton","Arkansas",94
"Garland","Arkansas",256
"Grant","Arkansas",109
"Greene","Arkansas",114
"Hempstead","Arkansas",161
"Hot Spring","Arkansas",231
"Howard","Arkansas",159
"Independence","Arkansas",144
"Izard","Arkansas",117
"Jackson","Arkansas",225
"Jefferson","Arkansas",513
"Johnson","Arkansas",55
"Lafayette","Arkansas",174
"Lawrence","Arkansas",116
"Lee","Arkansas",539
"Lincoln","Arkansas",401
"Little River","Arkansas",166
"Logan","Arkansas",77
"Lonoke","Arkansas",115
"Madison","Arkansas",86
"Marion","Arkansas",144
"Miller","Arkansas",343
"Mississippi","Arkansas",245
"Monroe","Arkansas",326
"Montgomery","Arkansas",64
"Nevada","Arkansas",190
"Newton","Arkansas",91
"Ouachita","Arkansas",261
"Perry","Arkansas",80
"Phillips","Arkansas",335
"Pike","Arkansas",89
"Poinsett","Arkansas",98
"Polk","Arkansas",96
"Pope","Arkansas",100
"Prairie","Arkansas",176
"Pulaski","Arkansas",614
"Randolph","Arkansas",93
"Saline","Arkansas",132
"Scott","Arkansas",94
"Searcy","Arkansas",-1
"Sebastian","Arkansas",193
"Sevier","Arkansas",120
"Sharp","Arkansas",87
"St. Francis","Arkansas",397
"Stone","Arkansas",82
"Union","Arkansas",337
"Van Buren","Arkansas",63
"Washington","Arkansas",185
"White","Arkansas",123
"Woodruff","Arkansas",246
"Yell","Arkansas",142
"Alameda","California",425
"Alpine","California",-1
"Amador","California",514
"Butte","California",137
"Calaveras","California",122
"Colusa","California",103
"Contra Costa","California",278
"Del Norte","California",160
"El Dorado","California",125
"Fresno","California",267
"Glenn","California",101
"Humboldt","California",185
"Imperial","California",259
"Inyo","California",156
"Kern","California",269
"Kings","California",154
"Lake","California",259
"Lassen","California",88
"Los Angeles","California",595
"Madera","California",166
"Marin","California",353
"Mariposa","California",125
"Mendocino","California",237
"Merced","California",157
"Modoc","California",-1
"Mono","California",63
"Monterey","California",212
"Napa","California",244
"Nevada","California",143
"Orange","California",264
"Placer","California",109
"Plumas","California",126
"Riverside","California",474
"Sacramento","California",348
"San Benito","California",107
"San Bernardino","California",272
"San Diego","California",473
"San Francisco","California",1515
"San Joaquin","California",230
"San Luis Obispo","California",156
"San Mateo","California",257
"Santa Barbara","California",158
"Santa Clara","California",213
"Santa Cruz","California",215
"Shasta","California",135
"Sierra","California",-1
"Siskiyou","California",170
"Solano","California",342
"Sonoma","California",339
"Stanislaus","California",185
"Sutter","California",151
"Tehama","California",88
"Trinity","California",149
"Tulare","California",140
"Tuolumne","California",123
"Ventura","California",160
"Yolo","California",165
"Yuba","California",158
"Adams","Colorado",278
"Alamosa","Colorado",172
"Arapahoe","Colorado",293
"Archuleta","Colorado",113
"Baca","Colorado",-1
"Bent","Colorado",-1
"Boulder","Colorado",167
"Broomfield","Colorado",24
"Chaffee","Colorado",113
"Cheyenne","Colorado",-1
"Clear Creek","Colorado",209
"Conejos","Colorado",-1
"Costilla","Colorado",-1
"Crowley","Colorado",439
"Custer","Colorado",0
"Delta","Colorado",89
"Denver","Colorado",866
"Dolores","Colorado",-1
"Douglas","Colorado",92
"Eagle","Colorado",154
"El Paso","Colorado",163
"Elbert","Colorado",119
"Fremont","Colorado",353
"Garfield","Colorado",161
"Gilpin","Colorado",178
"Grand","Colorado",135
"Gunnison","Colorado",45
"Hinsdale","Colorado",-1
"Huerfano","Colorado",245
"Jackson","Colorado",0
"Jefferson","Colorado",182
"Kiowa","Colorado",0
"Kit Carson","Colorado",-1
"La Plata","Colorado",126
"Lake","Colorado",74
"Larimer","Colorado",100
"Las Animas","Colorado",158
"Lincoln","Colorado",247
"Logan","Colorado",172
"Mesa","Colorado",124
"Mineral","Colorado",-1
"Moffat","Colorado",83
"Montezuma","Colorado",125
"Montrose","Colorado",76
"Morgan","Colorado",115
"Otero","Colorado",99
"Ouray","Colorado",-1
"Park","Colorado",123
"Phillips","Colorado",138
"Pitkin","Colorado",118
"Prowers","Colorado",81
"Pueblo","Colorado",168
"Rio Blanco","Colorado",-1
"Rio Grande","Colorado",105
"Routt","Colorado",116
"Saguache","Colorado",183
"San Juan","Colorado",-1
"San Miguel","Colorado",84
"Sedgwick","Colorado",-1
"Summit","Colorado",177
"Teller","Colorado",84
"Washington","Colorado",-1
"Weld","Colorado",92
"Yuma","Colorado",137
"Fairfield","Connecticut",337
"Hartford","Connecticut",401
"Litchfield","Connecticut",153
"Middlesex","Connecticut",209
"New Haven","Connecticut",455
"New London","Connecticut",240
"Tolland","Connecticut",112
"Windham","Connecticut",192
"Kent","Delaware",324
"New Castle","Delaware",446
"Sussex","Delaware",345
"Alachua","Florida",427
"Baker","Florida",427
"Bay","Florida",337
"Bradford","Florida",288
"Brevard","Florida",326
"Broward","Florida",1199
"Calhoun","Florida",223
"Charlotte","Florida",191
"Citrus","Florida",180
"Clay","Florida",227
"Collier","Florida",284
"Columbia","Florida",524
"DeSoto","Florida",409
"Dixie","Florida",309
"Duval","Florida",786
"Escambia","Florida",473
"Flagler","Florida",231
"Franklin","Florida",166
"Gadsden","Florida",683
"Gilchrist","Florida",155
"Glades","Florida",739
"Gulf","Florida",247
"Hamilton","Florida",1116
"Hardee","Florida",274
"Hendry","Florida",413
"Hernando","Florida",241
"Highlands","Florida",286
"Hillsborough","Florida",573
"Holmes","Florida",166
"Indian River","Florida",286
"Jackson","Florida",1029
"Jefferson","Florida",765
"Lafayette","Florida",176
"Lake","Florida",333
"Lee","Florida",324
"Leon","Florida",509
"Levy","Florida",264
"Liberty","Florida",162
"Madison","Florida",604
"Manatee","Florida",316
"Marion","Florida",338
"Martin","Florida",268
"Miami-Dade","Florida",1147
"Monroe","Florida",793
"Nassau","Florida",175
"Okaloosa","Florida",253
"Okeechobee","Florida",315
"Orange","Florida",757
"Osceola","Florida",449
"Palm Beach","Florida",616
"Pasco","Florida",260
"Pinellas","Florida",556
"Polk","Florida",422
"Putnam","Florida",396
"Santa Rosa","Florida",153
"Sarasota","Florida",253
"Seminole","Florida",334
"St. Johns","Florida",160
"St. Lucie","Florida",595
"Sumter","Florida",214
"Suwannee","Florida",421
"Taylor","Florida",687
"Union","Florida",2002
"Volusia","Florida",378
"Wakulla","Florida",418
"Walton","Florida",149
"Washington","Florida",772
"Appling","Georgia",245
"Atkinson","Georgia",322
"Bacon","Georgia",496
"Baker","Georgia",311
"Baldwin","Georgia",346
"Banks","Georgia",121
"Barrow","Georgia",190
"Bartow","Georgia",243
"Ben Hill","Georgia",357
"Berrien","Georgia",278
"Bibb","Georgia",965
"Bleckley","Georgia",403
"Brantley","Georgia",106
"Brooks","Georgia",538
"Bryan","Georgia",189
"Bulloch","Georgia",377
"Burke","Georgia",538
"Butts","Georgia",654
"Calhoun","Georgia",525
"Camden","Georgia",224
"Candler","Georgia",343
"Carroll","Georgia",267
"Catoosa","Georgia",85
"Charlton","Georgia",462
"Chatham","Georgia",740
"Chattahoochee","Georgia",128
"Chattooga","Georgia",263
"Cherokee","Georgia",194
"Clarke","Georgia",404
"Clay","Georgia",528
"Clayton","Georgia",1016
"Clinch","Georgia",463
"Cobb","Georgia",543
"Coffee","Georgia",306
"Colquitt","Georgia",519
"Columbia","Georgia",186
"Cook","Georgia",492
"Coweta","Georgia",221
"Crawford","Georgia",209
"Crisp","Georgia",733
"Dade","Georgia",101
"Dawson","Georgia",163
"Decatur","Georgia",637
"DeKalb","Georgia",1418
"Dodge","Georgia",451
"Dooly","Georgia",470
"Dougherty","Georgia",1101
"Douglas","Georgia",522
"Early","Georgia",253
"Echols","Georgia",-1
"Effingham","Georgia",150
"Elbert","Georgia",227
"Emanuel","Georgia",341
"Evans","Georgia",494
"Fannin","Georgia",161
"Fayette","Georgia",242
"Floyd","Georgia",295
"Forsyth","Georgia",86
"Franklin","Georgia",246
"Fulton","Georgia",1745
"Gilmer","Georgia",202
"Glascock","Georgia",235
"Glynn","Georgia",479
"Gordon","Georgia",142
"Grady","Georgia",322
"Greene","Georgia",177
"Gwinnett","Georgia",413
"Habersham","Georgia",162
"Hall","Georgia",183
"Hancock","Georgia",460
"Haralson","Georgia",135
"Harris","Georgia",150
"Hart","Georgia",168
"Heard","Georgia",149
"Henry","Georgia",510
"Houston","Georgia",339
"Irwin","Georgia",947
"Jackson","Georgia",163
"Jasper","Georgia",189
"Jeff Davis","Georgia",265
"Jefferson","Georgia",400
"Jenkins","Georgia",401
"Johnson","Georgia",226
"Jones","Georgia",107
"Lamar","Georgia",269
"Lanier","Georgia",224
"Laurens","Georgia",508
"Lee","Georgia",238
"Liberty","Georgia",502
"Lincoln","Georgia",245
"Long","Georgia",111
"Lowndes","Georgia",663
"Lumpkin","Georgia",90
"Macon","Georgia",570
"Madison","Georgia",153
"Marion","Georgia",205
"McDuffie","Georgia",264
"McIntosh","Georgia",412
"Meriwether","Georgia",333
"Miller","Georgia",446
"Mitchell","Georgia",543
"Monroe","Georgia",216
"Montgomery","Georgia",220
"Morgan","Georgia",217
"Murray","Georgia",108
"Muscogee","Georgia",710
"Newton","Georgia",445
"Oconee","Georgia",74
"Oglethorpe","Georgia",175
"Paulding","Georgia",175
"Peach","Georgia",547
"Pickens","Georgia",122
"Pierce","Georgia",173
"Pike","Georgia",74
"Polk","Georgia",216
"Pulaski","Georgia",245
"Putnam","Georgia",160
"Quitman","Georgia",556
"Rabun","Georgia",130
"Randolph","Georgia",700
"Richmond","Georgia",894
"Rockdale","Georgia",553
"Schley","Georgia",136
"Screven","Georgia",369
"Seminole","Georgia",318
"Spalding","Georgia",392
"Stephens","Georgia",247
"Stewart","Georgia",1196
"Sumter","Georgia",553
"Talbot","Georgia",404
"Taliaferro","Georgia",439
"Tattnall","Georgia",409
"Taylor","Georgia",447
"Telfair","Georgia",526
"Terrell","Georgia",628
"Thomas","Georgia",466
"Tift","Georgia",526
"Toombs","Georgia",405
"Towns","Georgia",72
"Treutlen","Georgia",402
"Troup","Georgia",327
"Turner","Georgia",743
"Twiggs","Georgia",256
"Union","Georgia",141
"Upson","Georgia",293
"Walker","Georgia",165
"Walton","Georgia",312
"Ware","Georgia",584
"Warren","Georgia",401
"Washington","Georgia",293
"Wayne","Georgia",400
"Webster","Georgia",-1
"Wheeler","Georgia",378
"White","Georgia",74
"Whitfield","Georgia",167
"Wilcox","Georgia",665
"Wilkes","Georgia",289
"Wilkinson","Georgia",147
"Worth","Georgia",378
"Hawaii","Hawaii",254
"Honolulu","Hawaii",185
"Kalawao","Hawaii",-1
"Kauai","Hawaii",-1
"Maui","Hawaii",217
"Ada","Idaho",35
"Adams","Idaho",0
"Bannock","Idaho",30
"Bear Lake","Idaho",0
"Benewah","Idaho",-1
"Bingham","Idaho",27
"Blaine","Idaho",-1
"Boise","Idaho",-1
"Bonner","Idaho",32
"Bonneville","Idaho",16
"Boundary","Idaho",-1
"Butte","Idaho",0
"Camas","Idaho",0
"Canyon","Idaho",28
"Caribou","Idaho",0
"Cassia","Idaho",-1
"Clark","Idaho",0
"Clearwater","Idaho",-1
"Custer","Idaho",0
"Elmore","Idaho",45
"Franklin","Idaho",-1
"Fremont","Idaho",-1
"Gem","Idaho",38
"Gooding","Idaho",71
"Idaho","Idaho",-1
"Jefferson","Idaho",-1
"Jerome","Idaho",31
"Kootenai","Idaho",29
"Latah","Idaho",31
"Lemhi","Idaho",-1
"Lewis","Idaho",0
"Lincoln","Idaho",-1
"Madison","Idaho",-1
"Minidoka","Idaho",-1
"Nez Perce","Idaho",15
"Oneida","Idaho",0
"Owyhee","Idaho",-1
"Payette","Idaho",-1
"Power","Idaho",-1
"Shoshone","Idaho",-1
"Teton","Idaho",0
"Twin Falls","Idaho",21
"Valley","Idaho",0
"Washington","Idaho",0
"Adams","Illinois",81
"Alexander","Illinois",299
"Bond","Illinois",71
"Boone","Illinois",38
"Brown","Illinois",104
"Bureau","Illinois",76
"Calhoun","Illinois",126
"Carroll","Illinois",-1
"Cass","Illinois",-1
"Champaign","Illinois",217
"Christian","Illinois",91
"Clark","Illinois",78
"Clay","Illinois",46
"Clinton","Illinois",85
"Coles","Illinois",84
"Cook","Illinois",600
"Crawford","Illinois",120
"Cumberland","Illinois",67
"De Witt","Illinois",46
"DeKalb","Illinois",89
"Douglas","Illinois",31
"DuPage","Illinois",94
"Edgar","Illinois",55
"Edwards","Illinois",-1
"Effingham","Illinois",32
"Fayette","Illinois",83
"Ford","Illinois",55
"Franklin","Illinois",90
"Fulton","Illinois",151
"Gallatin","Illinois",121
"Greene","Illinois",-1
"Grundy","Illinois",33
"Hamilton","Illinois",-1
"Hancock","Illinois",-1
"Hardin","Illinois",0
"Henderson","Illinois",-1
"Henry","Illinois",49
"Iroquois","Illinois",66
"Jackson","Illinois",110
"Jasper","Illinois",-1
"Jefferson","Illinois",137
"Jersey","Illinois",43
"Jo Daviess","Illinois",27
"Johnson","Illinois",251
"Kane","Illinois",78
"Kankakee","Illinois",169
"Kendall","Illinois",45
"Knox","Illinois",183
"Lake","Illinois",144
"LaSalle","Illinois",82
"Lawrence","Illinois",37
"Lee","Illinois",69
"Livingston","Illinois",167
"Logan","Illinois",167
"Macon","Illinois",193
"Macoupin","Illinois",79
"Madison","Illinois",102
"Marion","Illinois",52
"Marshall","Illinois",-1
"Mason","Illinois",62
"Massac","Illinois",43
"McDonough","Illinois",97
"McHenry","Illinois",53
"McLean","Illinois",141
"Menard","Illinois",136
"Mercer","Illinois",54
"Monroe","Illinois",21
"Montgomery","Illinois",141
"Morgan","Illinois",76
"Moultrie","Illinois",-1
"Ogle","Illinois",45
"Peoria","Illinois",251
"Perry","Illinois",162
"Piatt","Illinois",-1
"Pike","Illinois",-1
"Pope","Illinois",-1
"Pulaski","Illinois",292
"Putnam","Illinois",0
"Randolph","Illinois",125
"Richland","Illinois",-1
"Rock Island","Illinois",201
"Saline","Illinois",-1
"Sangamon","Illinois",199
"Schuyler","Illinois",-1
"Scott","Illinois",0
"Shelby","Illinois",28
"St. Clair","Illinois",342
"Stark","Illinois",-1
"Stephenson","Illinois",115
"Tazewell","Illinois",77
"Union","Illinois",50
"Vermilion","Illinois",192
"Wabash","Illinois",-1
"Warren","Illinois",-1
"Washington","Illinois",0
"Wayne","Illinois",60
"White","Illinois",-1
"Whiteside","Illinois",-1
"Will","Illinois",106
"Williamson","Illinois",112
"Winnebago","Illinois",132
"Woodford","Illinois",66
"Adams","Indiana",22
"Allen","Indiana",181
"Bartholomew","Indiana",86
"Benton","Indiana",97
"Blackford","Indiana",70
"Boone","Indiana",92
"Brown","Indiana",67
"Carroll","Indiana",41
"Cass","Indiana",89
"Clark","Indiana",260
"Clay","Indiana",100
"Clinton","Indiana",84
"Crawford","Indiana",100
"Daviess","Indiana",83
"Dearborn","Indiana",43
"Decatur","Indiana",81
"DeKalb","Indiana",61
"Delaware","Indiana",140
"Dubois","Indiana",74
"Elkhart","Indiana",115
"Fayette","Indiana",82
"Floyd","Indiana",176
"Fountain","Indiana",36
"Franklin","Indiana",26
"Fulton","Indiana",78
"Gibson","Indiana",68
"Grant","Indiana",123
"Greene","Indiana",73
"Hamilton","Indiana",88
"Hancock","Indiana",104
"Harrison","Indiana",73
"Hendricks","Indiana",124
"Henry","Indiana",121
"Howard","Indiana",180
"Huntington","Indiana",94
"Jackson","Indiana",145
"Jasper","Indiana",82
"Jay","Indiana",72
"Jefferson","Indiana",105
"Jennings","Indiana",26
"Johnson","Indiana",123
"Knox","Indiana",94
"Kosciusko","Indiana",53
"LaGrange","Indiana",39
"Lake","Indiana",266
"LaPorte","Indiana",187
"Lawrence","Indiana",85
"Madison","Indiana",185
"Marion","Indiana",606
"Marshall","Indiana",42
"Martin","Indiana",82
"Miami","Indiana",126
"Monroe","Indiana",170
"Montgomery","Indiana",93
"Morgan","Indiana",89
"Newton","Indiana",59
"Noble","Indiana",48
"Ohio","Indiana",-1
"Orange","Indiana",79
"Owen","Indiana",78
"Parke","Indiana",133
"Perry","Indiana",135
"Pike","Indiana",48
"Porter","Indiana",109
"Posey","Indiana",75
"Pulaski","Indiana",66
"Putnam","Indiana",176
"Randolph","Indiana",103
"Ripley","Indiana",46
"Rush","Indiana",64
"Scott","Indiana",764
"Shelby","Indiana",87
"Spencer","Indiana",29
"St. Joseph","Indiana",255
"Starke","Indiana",72
"Steuben","Indiana",57
"Sullivan","Indiana",107
"Switzerland","Indiana",78
"Tippecanoe","Indiana",124
"Tipton","Indiana",38
"Union","Indiana",-1
"Vanderburgh","Indiana",193
"Vermillion","Indiana",54
"Vigo","Indiana",214
"Wabash","Indiana",49
"Warren","Indiana",-1
"Warrick","Indiana",79
"Washington","Indiana",105
"Wayne","Indiana",130
"Wells","Indiana",39
"White","Indiana",84
"Whitley","Indiana",55
"Adair","Iowa",-1
"Adams","Iowa",0
"Allamakee","Iowa",53
"Appanoose","Iowa",-1
"Audubon","Iowa",129
"Benton","Iowa",47
"Black Hawk","Iowa",110
"Boone","Iowa",71
"Bremer","Iowa",-1
"Buchanan","Iowa",52
"Buena Vista","Iowa",94
"Butler","Iowa",-1
"Calhoun","Iowa",-1
"Carroll","Iowa",85
"Cass","Iowa",-1
"Cedar","Iowa",51
"Cerro Gordo","Iowa",92
"Cherokee","Iowa",-1
"Chickasaw","Iowa",51
"Clarke","Iowa",78
"Clay","Iowa",37
"Clayton","Iowa",81
"Clinton","Iowa",90
"Crawford","Iowa",72
"Dallas","Iowa",85
"Davis","Iowa",-1
"Decatur","Iowa",-1
"Delaware","Iowa",49
"Des Moines","Iowa",89
"Dickinson","Iowa",40
"Dubuque","Iowa",92
"Emmet","Iowa",-1
"Fayette","Iowa",73
"Floyd","Iowa",46
"Franklin","Iowa",-1
"Fremont","Iowa",-1
"Greene","Iowa",68
"Grundy","Iowa",-1
"Guthrie","Iowa",-1
"Hamilton","Iowa",81
"Hancock","Iowa",-1
"Hardin","Iowa",63
"Harrison","Iowa",69
"Henry","Iowa",72
"Howard","Iowa",-1
"Humboldt","Iowa",0
"Ida","Iowa",-1
"Iowa","Iowa",52
"Jackson","Iowa",49
"Jasper","Iowa",96
"Jefferson","Iowa",55
"Johnson","Iowa",147
"Jones","Iowa",96
"Keokuk","Iowa",59
"Kossuth","Iowa",-1
"Lee","Iowa",49
"Linn","Iowa",149
"Louisa","Iowa",86
"Lucas","Iowa",98
"Lyon","Iowa",-1
"Madison","Iowa",87
"Mahaska","Iowa",65
"Marion","Iowa",43
"Marshall","Iowa",108
"Mills","Iowa",40
"Mitchell","Iowa",-1
"Monona","Iowa",0
"Monroe","Iowa",-1
"Montgomery","Iowa",-1
"Muscatine","Iowa",74
"O'Brien","Iowa",-1
"Osceola","Iowa",-1
"Page","Iowa",68
"Palo Alto","Iowa",-1
"Plymouth","Iowa",29
"Pocahontas","Iowa",90
"Polk","Iowa",215
"Pottawattamie","Iowa",164
"Poweshiek","Iowa",88
"Ringgold","Iowa",-1
"Sac","Iowa",-1
"Scott","Iowa",164
"Shelby","Iowa",-1
"Sioux","Iowa",46
"Story","Iowa",60
"Tama","Iowa",86
"Taylor","Iowa",-1
"Union","Iowa",58
"Van Buren","Iowa",-1
"Wapello","Iowa",99
"Warren","Iowa",53
"Washington","Iowa",94
"Wayne","Iowa",-1
"Webster","Iowa",56
"Winnebago","Iowa",58
"Winneshiek","Iowa",-1
"Woodbury","Iowa",151
"Worth","Iowa",0
"Wright","Iowa",78
"Allen","Kansas",115
"Anderson","Kansas",92
"Atchison","Kansas",52
"Barber","Kansas",-1
"Barton","Kansas",80
"Bourbon","Kansas",102
"Brown","Kansas",104
"Butler","Kansas",83
"Chase","Kansas",-1
"Chautauqua","Kansas",-1
"Cherokee","Kansas",73
"Cheyenne","Kansas",-1
"Clark","Kansas",-1
"Clay","Kansas",-1
"Cloud","Kansas",97
"Coffey","Kansas",72
"Comanche","Kansas",0
"Cowley","Kansas",100
"Crawford","Kansas",43
"Decatur","Kansas",-1
"Dickinson","Kansas",71
"Doniphan","Kansas",-1
"Douglas","Kansas",81
"Edwards","Kansas",-1
"Elk","Kansas",0
"Ellis","Kansas",66
"Ellsworth","Kansas",190
"Finney","Kansas",89
"Ford","Kansas",93
"Franklin","Kansas",93
"Geary","Kansas",187
"Gove","Kansas",-1
"Graham","Kansas",-1
"Grant","Kansas",-1
"Gray","Kansas",-1
"Greeley","Kansas",0
"Greenwood","Kansas",140
"Hamilton","Kansas",-1
"Harper","Kansas",-1
"Harvey","Kansas",84
"Haskell","Kansas",-1
"Hodgeman","Kansas",0
"Jackson","Kansas",46
"Jefferson","Kansas",-1
"Jewell","Kansas",0
"Johnson","Kansas",148
"Kearny","Kansas",-1
"Kingman","Kansas",-1
"Kiowa","Kansas",0
"Labette","Kansas",93
"Lane","Kansas",0
"Leavenworth","Kansas",170
"Lincoln","Kansas",-1
"Linn","Kansas",73
"Logan","Kansas",0
"Lyon","Kansas",32
"Marion","Kansas",50
"Marshall","Kansas",63
"McPherson","Kansas",50
"Meade","Kansas",-1
"Miami","Kansas",60
"Mitchell","Kansas",-1
"Montgomery","Kansas",87
"Morris","Kansas",-1
"Morton","Kansas",-1
"Nemaha","Kansas",-1
"Neosho","Kansas",38
"Ness","Kansas",0
"Norton","Kansas",-1
"Osage","Kansas",45
"Osborne","Kansas",0
"Ottawa","Kansas",-1
"Pawnee","Kansas",140
"Phillips","Kansas",0
"Pottawatomie","Kansas",51
"Pratt","Kansas",-1
"Rawlins","Kansas",0
"Reno","Kansas",80
"Republic","Kansas",-1
"Rice","Kansas",-1
"Riley","Kansas",81
"Rooks","Kansas",-1
"Rush","Kansas",0
"Russell","Kansas",-1
"Saline","Kansas",144
"Scott","Kansas",-1
"Sedgwick","Kansas",211
"Seward","Kansas",202
"Shawnee","Kansas",150
"Sheridan","Kansas",0
"Sherman","Kansas",-1
"Smith","Kansas",0
"Stafford","Kansas",-1
"Stanton","Kansas",-1
"Stevens","Kansas",-1
"Sumner","Kansas",133
"Thomas","Kansas",-1
"Trego","Kansas",0
"Wabaunsee","Kansas",0
"Wallace","Kansas",0
"Washington","Kansas",-1
"Wichita","Kansas",0
"Wilson","Kansas",-1
"Woodson","Kansas",-1
"Wyandotte","Kansas",347
"Adair","Kentucky",53
"Allen","Kentucky",118
"Anderson","Kentucky",105
"Ballard","Kentucky",105
"Barren","Kentucky",92
"Bath","Kentucky",59
"Bell","Kentucky",69
"Boone","Kentucky",104
"Bourbon","Kentucky",132
"Boyd","Kentucky",167
"Boyle","Kentucky",89
"Bracken","Kentucky",115
"Breathitt","Kentucky",47
"Breckinridge","Kentucky",110
"Bullitt","Kentucky",74
"Butler","Kentucky",103
"Caldwell","Kentucky",122
"Calloway","Kentucky",79
"Campbell","Kentucky",191
"Carlisle","Kentucky",-1
"Carroll","Kentucky",58
"Carter","Kentucky",81
"Casey","Kentucky",52
"Christian","Kentucky",198
"Clark","Kentucky",108
"Clay","Kentucky",96
"Clinton","Kentucky",105
"Crittenden","Kentucky",-1
"Cumberland","Kentucky",91
"Daviess","Kentucky",118
"Edmonson","Kentucky",-1
"Elliott","Kentucky",170
"Estill","Kentucky",92
"Fayette","Kentucky",378
"Fleming","Kentucky",75
"Floyd","Kentucky",51
"Franklin","Kentucky",149
"Fulton","Kentucky",-1
"Gallatin","Kentucky",-1
"Garrard","Kentucky",87
"Grant","Kentucky",68
"Graves","Kentucky",128
"Grayson","Kentucky",50
"Green","Kentucky",85
"Greenup","Kentucky",98
"Hancock","Kentucky",97
"Hardin","Kentucky",197
"Harlan","Kentucky",61
"Harrison","Kentucky",50
"Hart","Kentucky",64
"Henderson","Kentucky",181
"Henry","Kentucky",89
"Hickman","Kentucky",-1
"Hopkins","Kentucky",83
"Jackson","Kentucky",99
"Jefferson","Kentucky",506
"Jessamine","Kentucky",147
"Johnson","Kentucky",59
"Kenton","Kentucky",265
"Knott","Kentucky",40
"Knox","Kentucky",62
"Larue","Kentucky",41
"Laurel","Kentucky",86
"Lawrence","Kentucky",-1
"Lee","Kentucky",142
"Leslie","Kentucky",-1
"Letcher","Kentucky",61
"Lewis","Kentucky",81
"Lincoln","Kentucky",44
"Livingston","Kentucky",64
"Logan","Kentucky",92
"Lyon","Kentucky",204
"Madison","Kentucky",122
"Magoffin","Kentucky",-1
"Marion","Kentucky",69
"Marshall","Kentucky",86
"Martin","Kentucky",73
"Mason","Kentucky",127
"McCracken","Kentucky",264
"McCreary","Kentucky",215
"McLean","Kentucky",79
"Meade","Kentucky",91
"Menifee","Kentucky",140
"Mercer","Kentucky",108
"Metcalfe","Kentucky",-1
"Monroe","Kentucky",-1
"Montgomery","Kentucky",102
"Morgan","Kentucky",-1
"Muhlenberg","Kentucky",111
"Nelson","Kentucky",65
"Nicholas","Kentucky",83
"Ohio","Kentucky",35
"Oldham","Kentucky",152
"Owen","Kentucky",-1
"Owsley","Kentucky",-1
"Pendleton","Kentucky",98
"Perry","Kentucky",94
"Pike","Kentucky",72
"Powell","Kentucky",59
"Pulaski","Kentucky",88
"Robertson","Kentucky",-1
"Rockcastle","Kentucky",77
"Rowan","Kentucky",94
"Russell","Kentucky",40
"Scott","Kentucky",91
"Shelby","Kentucky",148
"Simpson","Kentucky",129
"Spencer","Kentucky",30
"Taylor","Kentucky",70
"Todd","Kentucky",139
"Trigg","Kentucky",80
"Trimble","Kentucky",-1
"Union","Kentucky",158
"Warren","Kentucky",159
"Washington","Kentucky",99
"Wayne","Kentucky",75
"Webster","Kentucky",-1
"Whitley","Kentucky",61
"Wolfe","Kentucky",151
"Woodford","Kentucky",119
"Acadia","Louisiana",485
"Allen","Louisiana",906
"Ascension","Louisiana",264
"Assumption","Louisiana",655
"Avoyelles","Louisiana",690
"Beauregard","Louisiana",142
"Bienville","Louisiana",771
"Bossier","Louisiana",484
"Caddo","Louisiana",534
"Calcasieu","Louisiana",389
"Caldwell","Louisiana",327
"Cameron","Louisiana",169
"Catahoula","Louisiana",471
"Claiborne","Louisiana",569
"Concordia","Louisiana",311
"De Soto","Louisiana",209
"East Baton Rouge","Louisiana",1117
"East Carroll","Louisiana",309
"East Feliciana","Louisiana",303
"Evangeline","Louisiana",290
"Franklin","Louisiana",395
"Grant","Louisiana",332
"Iberia","Louisiana",420
"Iberville","Louisiana",886
"Jackson","Louisiana",444
"Jefferson","Louisiana",567
"Jefferson Davis","Louisiana",149
"La Salle","Louisiana",365
"Lafayette","Louisiana",406
"Lafourche","Louisiana",186
"Lincoln","Louisiana",170
"Livingston","Louisiana",298
"Madison","Louisiana",455
"Morehouse","Louisiana",448
"Natchitoches","Louisiana",453
"Orleans","Louisiana",1484
"Ouachita","Louisiana",497
"Plaquemines","Louisiana",259
"Pointe Coupee","Louisiana",341
"Rapides","Louisiana",402
"Red River","Louisiana",-1
"Richland","Louisiana",72
"Sabine","Louisiana",125
"St. Bernard","Louisiana",529
"St. Charles","Louisiana",454
"St. Helena","Louisiana",932
"St. James","Louisiana",510
"St. John the Baptist","Louisiana",259
"St. Landry","Louisiana",432
"St. Martin","Louisiana",64
"St. Mary","Louisiana",188
"St. Tammany","Louisiana",263
"Tangipahoa","Louisiana",259
"Tensas","Louisiana",-1
"Terrebonne","Louisiana",174
"Union","Louisiana",53
"Vermilion","Louisiana",190
"Vernon","Louisiana",156
"Washington","Louisiana",417
"Webster","Louisiana",88
"West Baton Rouge","Louisiana",538
"West Carroll","Louisiana",145
"West Feliciana","Louisiana",790
"Winn","Louisiana",228
"Androscoggin","Maine",157
"Aroostook","Maine",65
"Cumberland","Maine",239
"Franklin","Maine",87
"Hancock","Maine",133
"Kennebec","Maine",132
"Knox","Maine",94
"Lincoln","Maine",68
"Oxford","Maine",75
"Penobscot","Maine",80
"Piscataquis","Maine",47
"Sagadahoc","Maine",80
"Somerset","Maine",84
"Waldo","Maine",103
"Washington","Maine",110
"York","Maine",137
"Allegany","Maryland",263
"Anne Arundel","Maryland",285
"Baltimore","Maryland",467
"Baltimore","Maryland",1985
"Calvert","Maryland",175
"Caroline","Maryland",223
"Carroll","Maryland",103
"Cecil","Maryland",175
"Charles","Maryland",470
"Dorchester","Maryland",542
"Frederick","Maryland",222
"Garrett","Maryland",63
"Harford","Maryland",245
"Howard","Maryland",244
"Kent","Maryland",239
"Montgomery","Maryland",439
"Prince George's","Maryland",1058
"Queen Anne's","Maryland",135
"Somerset","Maryland",407
"St. Mary's","Maryland",153
"Talbot","Maryland",251
"Washington","Maryland",372
"Wicomico","Maryland",318
"Worcester","Maryland",206
"Barnstable","Massachusetts",407
"Berkshire","Massachusetts",177
"Bristol","Massachusetts",284
"Dukes","Massachusetts",308
"Essex","Massachusetts",292
"Franklin","Massachusetts",148
"Hampden","Massachusetts",493
"Hampshire","Massachusetts",147
"Middlesex","Massachusetts",286
"Nantucket","Massachusetts",208
"Norfolk","Massachusetts",231
"Plymouth","Massachusetts",250
"Suffolk","Massachusetts",809
"Worcester","Massachusetts",287
"Alcona","Michigan",-1
"Alger","Michigan",99
"Allegan","Michigan",123
"Alpena","Michigan",41
"Antrim","Michigan",87
"Arenac","Michigan",54
"Baraga","Michigan",221
"Barry","Michigan",46
"Bay","Michigan",96
"Benzie","Michigan",45
"Berrien","Michigan",175
"Branch","Michigan",69
"Calhoun","Michigan",178
"Cass","Michigan",50
"Charlevoix","Michigan",44
"Cheboygan","Michigan",84
"Chippewa","Michigan",56
"Clare","Michigan",151
"Clinton","Michigan",101
"Crawford","Michigan",-1
"Delta","Michigan",68
"Dickinson","Michigan",-1
"Eaton","Michigan",100
"Emmet","Michigan",45
"Genesee","Michigan",174
"Gladwin","Michigan",64
"Gogebic","Michigan",65
"Grand Traverse","Michigan",112
"Gratiot","Michigan",69
"Hillsdale","Michigan",52
"Houghton","Michigan",53
"Huron","Michigan",26
"Ingham","Michigan",182
"Ionia","Michigan",113
"Iosco","Michigan",50
"Iron","Michigan",92
"Isabella","Michigan",76
"Jackson","Michigan",173
"Kalamazoo","Michigan",179
"Kalkaska","Michigan",104
"Kent","Michigan",199
"Keweenaw","Michigan",-1
"Lake","Michigan",186
"Lapeer","Michigan",77
"Leelanau","Michigan",36
"Lenawee","Michigan",74
"Livingston","Michigan",56
"Luce","Michigan",148
"Mackinac","Michigan",103
"Macomb","Michigan",169
"Manistee","Michigan",91
"Marquette","Michigan",84
"Mason","Michigan",80
"Mecosta","Michigan",63
"Menominee","Michigan",35
"Midland","Michigan",53
"Missaukee","Michigan",47
"Monroe","Michigan",85
"Montcalm","Michigan",69
"Montmorency","Michigan",132
"Muskegon","Michigan",132
"Newaygo","Michigan",70
"Oakland","Michigan",201
"Oceana","Michigan",35
"Ogemaw","Michigan",55
"Ontonagon","Michigan",-1
"Osceola","Michigan",86
"Oscoda","Michigan",98
"Otsego","Michigan",71
"Ottawa","Michigan",55
"Presque Isle","Michigan",44
"Roscommon","Michigan",60
"Saginaw","Michigan",156
"Sanilac","Michigan",69
"Schoolcraft","Michigan",-1
"Shiawassee","Michigan",79
"St. Clair","Michigan",75
"St. Joseph","Michigan",79
"Tuscola","Michigan",31
"Van Buren","Michigan",103
"Washtenaw","Michigan",189
"Wayne","Michigan",485
"Wexford","Michigan",74
"Aitkin","Minnesota",-1
"Anoka","Minnesota",144
"Becker","Minnesota",42
"Beltrami","Minnesota",85
"Benton","Minnesota",81
"Big Stone","Minnesota",0
"Blue Earth","Minnesota",80
"Brown","Minnesota",48
"Carlton","Minnesota",46
"Carver","Minnesota",64
"Cass","Minnesota",35
"Chippewa","Minnesota",-1
"Chisago","Minnesota",54
"Clay","Minnesota",95
"Clearwater","Minnesota",81
"Cook","Minnesota",-1
"Cottonwood","Minnesota",76
"Crow Wing","Minnesota",45
"Dakota","Minnesota",144
"Dodge","Minnesota",35
"Douglas","Minnesota",43
"Faribault","Minnesota",70
"Fillmore","Minnesota",40
"Freeborn","Minnesota",47
"Goodhue","Minnesota",59
"Grant","Minnesota",119
"Hennepin","Minnesota",429
"Houston","Minnesota",32
"Hubbard","Minnesota",38
"Isanti","Minnesota",46
"Itasca","Minnesota",41
"Jackson","Minnesota",84
"Kanabec","Minnesota",50
"Kandiyohi","Minnesota",56
"Kittson","Minnesota",-1
"Koochiching","Minnesota",0
"Lac qui Parle","Minnesota",-1
"Lake","Minnesota",54
"Lake of the Woods","Minnesota",-1
"Le Sueur","Minnesota",46
"Lincoln","Minnesota",108
"Lyon","Minnesota",68
"Mahnomen","Minnesota",-1
"Marshall","Minnesota",-1
"Martin","Minnesota",85
"McLeod","Minnesota",93
"Meeker","Minnesota",57
"Mille Lacs","Minnesota",83
"Morrison","Minnesota",50
"Mower","Minnesota",179
"Murray","Minnesota",-1
"Nicollet","Minnesota",72
"Nobles","Minnesota",189
"Norman","Minnesota",-1
"Olmsted","Minnesota",161
"Otter Tail","Minnesota",34
"Pennington","Minnesota",69
"Pine","Minnesota",118
"Pipestone","Minnesota",68
"Polk","Minnesota",75
"Pope","Minnesota",74
"Ramsey","Minnesota",307
"Red Lake","Minnesota",-1
"Redwood","Minnesota",48
"Renville","Minnesota",75
"Rice","Minnesota",102
"Rock","Minnesota",-1
"Roseau","Minnesota",0
"Scott","Minnesota",99
"Sherburne","Minnesota",88
"Sibley","Minnesota",56
"St. Louis","Minnesota",85
"Stearns","Minnesota",91
"Steele","Minnesota",43
"Stevens","Minnesota",-1
"Swift","Minnesota",-1
"Todd","Minnesota",-1
"Traverse","Minnesota",-1
"Wabasha","Minnesota",66
"Wadena","Minnesota",62
"Waseca","Minnesota",51
"Washington","Minnesota",104
"Watonwan","Minnesota",56
"Wilkin","Minnesota",-1
"Winona","Minnesota",54
"Wright","Minnesota",68
"Yellow Medicine","Minnesota",-1
"Adams","Mississippi",431
"Alcorn","Mississippi",158
"Amite","Mississippi",267
"Attala","Mississippi",289
"Benton","Mississippi",282
"Bolivar","Mississippi",502
"Calhoun","Mississippi",158
"Carroll","Mississippi",398
"Chickasaw","Mississippi",259
"Choctaw","Mississippi",102
"Claiborne","Mississippi",343
"Clarke","Mississippi",440
"Clay","Mississippi",312
"Coahoma","Mississippi",940
"Copiah","Mississippi",442
"Covington","Mississippi",347
"DeSoto","Mississippi",257
"Forrest","Mississippi",671
"Franklin","Mississippi",170
"George","Mississippi",182
"Greene","Mississippi",641
"Grenada","Mississippi",473
"Hancock","Mississippi",202
"Harrison","Mississippi",390
"Hinds","Mississippi",1201
"Holmes","Mississippi",470
"Humphreys","Mississippi",357
"Issaquena","Mississippi",-1
"Itawamba","Mississippi",213
"Jackson","Mississippi",232
"Jasper","Mississippi",417
"Jefferson","Mississippi",359
"Jefferson Davis","Mississippi",396
"Jones","Mississippi",301
"Kemper","Mississippi",217
"Lafayette","Mississippi",201
"Lamar","Mississippi",94
"Lauderdale","Mississippi",448
"Lawrence","Mississippi",386
"Leake","Mississippi",301
"Lee","Mississippi",301
"Leflore","Mississippi",532
"Lincoln","Mississippi",214
"Lowndes","Mississippi",315
"Madison","Mississippi",300
"Marion","Mississippi",336
"Marshall","Mississippi",269
"Monroe","Mississippi",169
"Montgomery","Mississippi",296
"Neshoba","Mississippi",223
"Newton","Mississippi",255
"Noxubee","Mississippi",439
"Oktibbeha","Mississippi",189
"Panola","Mississippi",244
"Pearl River","Mississippi",253
"Perry","Mississippi",240
"Pike","Mississippi",466
"Pontotoc","Mississippi",98
"Prentiss","Mississippi",81
"Quitman","Mississippi",369
"Rankin","Mississippi",285
"Scott","Mississippi",337
"Sharkey","Mississippi",-1
"Simpson","Mississippi",273
"Smith","Mississippi",151
"Stone","Mississippi",219
"Sunflower","Mississippi",715
"Tallahatchie","Mississippi",314
"Tate","Mississippi",146
"Tippah","Mississippi",160
"Tishomingo","Mississippi",73
"Tunica","Mississippi",739
"Union","Mississippi",135
"Walthall","Mississippi",266
"Warren","Mississippi",418
"Washington","Mississippi",584
"Wayne","Mississippi",191
"Webster","Mississippi",174
"Wilkinson","Mississippi",323
"Winston","Mississippi",244
"Yalobusha","Mississippi",285
"Yazoo","Mississippi",483
"Adair","Missouri",167
"Andrew","Missouri",129
"Atchison","Missouri",-1
"Audrain","Missouri",148
"Barry","Missouri",149
"Barton","Missouri",62
"Bates","Missouri",139
"Benton","Missouri",226
"Bollinger","Missouri",165
"Boone","Missouri",148
"Buchanan","Missouri",176
"Butler","Missouri",136
"Caldwell","Missouri",211
"Callaway","Missouri",246
"Camden","Missouri",90
"Cape Girardeau","Missouri",101
"Carroll","Missouri",111
"Carter","Missouri",-1
"Cass","Missouri",94
"Cedar","Missouri",76
"Chariton","Missouri",-1
"Christian","Missouri",89
"Clark","Missouri",87
"Clay","Missouri",202
"Clinton","Missouri",99
"Cole","Missouri",184
"Cooper","Missouri",263
"Crawford","Missouri",125
"Dade","Missouri",108
"Dallas","Missouri",84
"Daviess","Missouri",190
"DeKalb","Missouri",64
"Dent","Missouri",230
"Douglas","Missouri",62
"Dunklin","Missouri",115
"Franklin","Missouri",80
"Gasconade","Missouri",64
"Gentry","Missouri",95
"Greene","Missouri",241
"Grundy","Missouri",64
"Harrison","Missouri",-1
"Henry","Missouri",102
"Hickory","Missouri",-1
"Holt","Missouri",0
"Howard","Missouri",83
"Howell","Missouri",69
"Iron","Missouri",127
"Jackson","Missouri",500
"Jasper","Missouri",178
"Jefferson","Missouri",101
"Johnson","Missouri",105
"Knox","Missouri",-1
"Laclede","Missouri",54
"Lafayette","Missouri",47
"Lawrence","Missouri",77
"Lewis","Missouri",61
"Lincoln","Missouri",100
"Linn","Missouri",51
"Livingston","Missouri",66
"Macon","Missouri",47
"Madison","Missouri",-1
"Maries","Missouri",92
"Marion","Missouri",89
"McDonald","Missouri",96
"Mercer","Missouri",-1
"Miller","Missouri",33
"Mississippi","Missouri",362
"Moniteau","Missouri",133
"Monroe","Missouri",191
"Montgomery","Missouri",84
"Morgan","Missouri",46
"New Madrid","Missouri",93
"Newton","Missouri",29
"Nodaway","Missouri",41
"Oregon","Missouri",80
"Osage","Missouri",-1
"Ozark","Missouri",-1
"Pemiscot","Missouri",150
"Perry","Missouri",-1
"Pettis","Missouri",78
"Phelps","Missouri",50
"Pike","Missouri",123
"Platte","Missouri",152
"Polk","Missouri",81
"Pulaski","Missouri",86
"Putnam","Missouri",-1
"Ralls","Missouri",-1
"Randolph","Missouri",135
"Ray","Missouri",-1
"Reynolds","Missouri",-1
"Ripley","Missouri",-1
"Saline","Missouri",52
"Schuyler","Missouri",-1
"Scotland","Missouri",-1
"Scott","Missouri",98
"Shannon","Missouri",72
"Shelby","Missouri",-1
"St. Charles","Missouri",94
"St. Clair","Missouri",-1
"St. Francois","Missouri",122
"St. Louis","Missouri",332
"St. Louis","Missouri",1073
"Ste. Genevieve","Missouri",172
"Stoddard","Missouri",45
"Stone","Missouri",73
"Sullivan","Missouri",-1
"Taney","Missouri",96
"Texas","Missouri",38
"Vernon","Missouri",129
"Warren","Missouri",62
"Washington","Missouri",154
"Wayne","Missouri",46
"Webster","Missouri",100
"Worth","Missouri",0
"Wright","Missouri",67
"Beaverhead","Montana",-1
"Big Horn","Montana",101
"Blaine","Montana",-1
"Broadwater","Montana",0
"Carbon","Montana",83
"Carter","Montana",0
"Cascade","Montana",80
"Chouteau","Montana",0
"Custer","Montana",103
"Daniels","Montana",-1
"Dawson","Montana",69
"Deer Lodge","Montana",60
"Fallon","Montana",0
"Fergus","Montana",-1
"Flathead","Montana",51
"Gallatin","Montana",68
"Garfield","Montana",0
"Glacier","Montana",57
"Golden Valley","Montana",-1
"Granite","Montana",-1
"Hill","Montana",-1
"Jefferson","Montana",84
"Judith Basin","Montana",-1
"Lake","Montana",96
"Lewis and Clark","Montana",64
"Liberty","Montana",0
"Lincoln","Montana",34
"Madison","Montana",63
"McCone","Montana",0
"Meagher","Montana",-1
"Mineral","Montana",127
"Missoula","Montana",119
"Musselshell","Montana",-1
"Park","Montana",75
"Petroleum","Montana",0
"Phillips","Montana",-1
"Pondera","Montana",0
"Powder River","Montana",0
"Powell","Montana",164
"Prairie","Montana",0
"Ravalli","Montana",54
"Richland","Montana",-1
"Roosevelt","Montana",-1
"Rosebud","Montana",-1
"Sanders","Montana",65
"Sheridan","Montana",-1
"Silver Bow","Montana",77
"Stillwater","Montana",71
"Sweet Grass","Montana",0
"Teton","Montana",-1
"Toole","Montana",-1
"Treasure","Montana",0
"Valley","Montana",-1
"Wheatland","Montana",0
"Wibaux","Montana",0
"Yellowstone","Montana",101
"Adams","Nebraska",-1
"Antelope","Nebraska",0
"Arthur","Nebraska",0
"Banner","Nebraska",0
"Blaine","Nebraska",-1
"Boone","Nebraska",0
"Box Butte","Nebraska",-1
"Boyd","Nebraska",-1
"Brown","Nebraska",-1
"Buffalo","Nebraska",19
"Burt","Nebraska",-1
"Butler","Nebraska",0
"Cass","Nebraska",36
"Cedar","Nebraska",-1
"Chase","Nebraska",0
"Cherry","Nebraska",0
"Cheyenne","Nebraska",-1
"Clay","Nebraska",-1
"Colfax","Nebraska",-1
"Cuming","Nebraska",-1
"Custer","Nebraska",-1
"Dakota","Nebraska",51
"Dawes","Nebraska",-1
"Dawson","Nebraska",27
"Deuel","Nebraska",0
"Dixon","Nebraska",0
"Dodge","Nebraska",27
"Douglas","Nebraska",75
"Dundy","Nebraska",-1
"Fillmore","Nebraska",0
"Franklin","Nebraska",0
"Frontier","Nebraska",-1
"Furnas","Nebraska",0
"Gage","Nebraska",-1
"Garden","Nebraska",0
"Garfield","Nebraska",0
"Gosper","Nebraska",-1
"Grant","Nebraska",0
"Greeley","Nebraska",0
"Hall","Nebraska",61
"Hamilton","Nebraska",0
"Harlan","Nebraska",0
"Hayes","Nebraska",-1
"Hitchcock","Nebraska",-1
"Holt","Nebraska",-1
"Hooker","Nebraska",0
"Howard","Nebraska",0
"Jefferson","Nebraska",-1
"Johnson","Nebraska",0
"Kearney","Nebraska",0
"Keith","Nebraska",-1
"Keya Paha","Nebraska",0
"Kimball","Nebraska",0
"Knox","Nebraska",-1
"Lancaster","Nebraska",41
"Lincoln","Nebraska",-1
"Logan","Nebraska",0
"Loup","Nebraska",0
"Madison","Nebraska",39
"McPherson","Nebraska",0
"Merrick","Nebraska",-1
"Morrill","Nebraska",-1
"Nance","Nebraska",0
"Nemaha","Nebraska",-1
"Nuckolls","Nebraska",0
"Otoe","Nebraska",-1
"Pawnee","Nebraska",0
"Perkins","Nebraska",0
"Phelps","Nebraska",-1
"Pierce","Nebraska",0
"Platte","Nebraska",-1
"Polk","Nebraska",-1
"Red Willow","Nebraska",0
"Richardson","Nebraska",-1
"Rock","Nebraska",0
"Saline","Nebraska",-1
"Sarpy","Nebraska",24
"Saunders","Nebraska",0
"Scotts Bluff","Nebraska",21
"Seward","Nebraska",0
"Sheridan","Nebraska",-1
"Sherman","Nebraska",0
"Sioux","Nebraska",0
"Stanton","Nebraska",-1
"Thayer","Nebraska",-1
"Thomas","Nebraska",0
"Thurston","Nebraska",-1
"Valley","Nebraska",0
"Washington","Nebraska",0
"Wayne","Nebraska",0
"Webster","Nebraska",0
"Wheeler","Nebraska",0
"York","Nebraska",62
"Carson City","Nevada",403
"Churchill","Nevada",128
"Clark","Nevada",484
"Douglas","Nevada",105
"Elko","Nevada",75
"Esmeralda","Nevada",-1
"Eureka","Nevada",-1
"Humboldt","Nevada",51
"Lander","Nevada",112
"Lincoln","Nevada",0
"Lyon","Nevada",117
"Mineral","Nevada",-1
"Nye","Nevada",189
"Pershing","Nevada",104
"Storey","Nevada",-1
"Washoe","Nevada",266
"White Pine","Nevada",320
"Belknap","New Hampshire",56
"Carroll","New Hampshire",39
"Cheshire","New Hampshire",45
"Coos","New Hampshire",69
"Grafton","New Hampshire",50
"Hillsborough","New Hampshire",87
"Merrimack","New Hampshire",87
"Rockingham","New Hampshire",60
"Strafford","New Hampshire",78
"Sullivan","New Hampshire",37
"Atlantic","New Jersey",532
"Bergen","New Jersey",231
"Burlington","New Jersey",242
"Camden","New Jersey",397
"Cape May","New Jersey",220
"Cumberland","New Jersey",468
"Essex","New Jersey",1354
"Gloucester","New Jersey",150
"Hudson","New Jersey",858
"Hunterdon","New Jersey",157
"Mercer","New Jersey",461
"Middlesex","New Jersey",309
"Monmouth","New Jersey",315
"Morris","New Jersey",194
"Ocean","New Jersey",150
"Passaic","New Jersey",559
"Salem","New Jersey",288
"Somerset","New Jersey",212
"Sussex","New Jersey",155
"Union","New Jersey",549
"Warren","New Jersey",105
"Bernalillo","New Mexico",284
"Catron","New Mexico",-1
"Chaves","New Mexico",128
"Cibola","New Mexico",441
"Colfax","New Mexico",124
"Curry","New Mexico",79
"De Baca","New Mexico",0
"Do??a Ana","New Mexico",248
"Eddy","New Mexico",83
"Grant","New Mexico",124
"Guadalupe","New Mexico",163
"Harding","New Mexico",0
"Hidalgo","New Mexico",-1
"Lea","New Mexico",98
"Lincoln","New Mexico",178
"Los Alamos","New Mexico",-1
"Luna","New Mexico",119
"McKinley","New Mexico",251
"Mora","New Mexico",152
"Otero","New Mexico",121
"Quay","New Mexico",129
"Rio Arriba","New Mexico",180
"Roosevelt","New Mexico",92
"San Juan","New Mexico",147
"San Miguel","New Mexico",151
"Sandoval","New Mexico",161
"Santa Fe","New Mexico",350
"Sierra","New Mexico",187
"Socorro","New Mexico",158
"Taos","New Mexico",181
"Torrance","New Mexico",354
"Union","New Mexico",-1
"Valencia","New Mexico",160
"Albany","New York",432
"Allegany","New York",74
"Bronx","New York",2408
"Broome","New York",249
"Cattaraugus","New York",126
"Cayuga","New York",222
"Chautauqua","New York",219
"Chemung","New York",273
"Chenango","New York",140
"Clinton","New York",276
"Columbia","New York",430
"Cortland","New York",122
"Delaware","New York",128
"Dutchess","New York",332
"Erie","New York",301
"Essex","New York",164
"Franklin","New York",380
"Fulton","New York",161
"Genesee","New York",178
"Greene","New York",412
"Hamilton","New York",-1
"Herkimer","New York",94
"Jefferson","New York",201
"Kings","New York",1244
"Lewis","New York",55
"Livingston","New York",199
"Madison","New York",108
"Monroe","New York",368
"Montgomery","New York",207
"Nassau","New York",244
"New York","New York",1838
"Niagara","New York",146
"Oneida","New York",276
"Onondaga","New York",294
"Ontario","New York",127
"Orange","New York",311
"Orleans","New York",460
"Oswego","New York",95
"Otsego","New York",126
"Putnam","New York",172
"Queens","New York",847
"Rensselaer","New York",254
"Richmond","New York",539
"Rockland","New York",259
"Saratoga","New York",122
"Schenectady","New York",331
"Schoharie","New York",102
"Schuyler","New York",-1
"Seneca","New York",250
"St. Lawrence","New York",200
"Steuben","New York",117
"Suffolk","New York",243
"Sullivan","New York",472
"Tioga","New York",109
"Tompkins","New York",170
"Ulster","New York",345
"Warren","New York",149
"Washington","New York",225
"Wayne","New York",142
"Westchester","New York",418
"Wyoming","New York",279
"Yates","New York",63
"Alamance","North Carolina",329
"Alexander","North Carolina",133
"Alleghany","North Carolina",-1
"Anson","North Carolina",300
"Ashe","North Carolina",62
"Avery","North Carolina",184
"Beaufort","North Carolina",250
"Bertie","North Carolina",498
"Bladen","North Carolina",283
"Brunswick","North Carolina",140
"Buncombe","North Carolina",306
"Burke","North Carolina",137
"Cabarrus","North Carolina",220
"Caldwell","North Carolina",129
"Camden","North Carolina",129
"Carteret","North Carolina",120
"Caswell","North Carolina",292
"Catawba","North Carolina",197
"Chatham","North Carolina",198
"Cherokee","North Carolina",159
"Chowan","North Carolina",117
"Clay","North Carolina",117
"Cleveland","North Carolina",266
"Columbus","North Carolina",347
"Craven","North Carolina",311
"Cumberland","North Carolina",533
"Currituck","North Carolina",94
"Dare","North Carolina",82
"Davidson","North Carolina",232
"Davie","North Carolina",100
"Duplin","North Carolina",266
"Durham","North Carolina",627
"Edgecombe","North Carolina",639
"Forsyth","North Carolina",499
"Franklin","North Carolina",215
"Gaston","North Carolina",374
"Gates","North Carolina",141
"Graham","North Carolina",-1
"Granville","North Carolina",498
"Greene","North Carolina",423
"Guilford","North Carolina",547
"Halifax","North Carolina",383
"Harnett","North Carolina",292
"Haywood","North Carolina",144
"Henderson","North Carolina",171
"Hertford","North Carolina",495
"Hoke","North Carolina",361
"Hyde","North Carolina",186
"Iredell","North Carolina",125
"Jackson","North Carolina",111
"Johnston","North Carolina",245
"Jones","North Carolina",198
"Lee","North Carolina",354
"Lenoir","North Carolina",483
"Lincoln","North Carolina",113
"Macon","North Carolina",188
"Madison","North Carolina",94
"Martin","North Carolina",342
"McDowell","North Carolina",78
"Mecklenburg","North Carolina",657
"Mitchell","North Carolina",92
"Montgomery","North Carolina",194
"Moore","North Carolina",166
"Nash","North Carolina",414
"New Hanover","North Carolina",300
"Northampton","North Carolina",323
"Onslow","North Carolina",178
"Orange","North Carolina",237
"Pamlico","North Carolina",175
"Pasquotank","North Carolina",311
"Pender","North Carolina",200
"Perquimans","North Carolina",185
"Person","North Carolina",251
"Pitt","North Carolina",431
"Polk","North Carolina",133
"Randolph","North Carolina",190
"Richmond","North Carolina",378
"Robeson","North Carolina",405
"Rockingham","North Carolina",222
"Rowan","North Carolina",302
"Rutherford","North Carolina",111
"Sampson","North Carolina",315
"Scotland","North Carolina",459
"Stanly","North Carolina",198
"Stokes","North Carolina",120
"Surry","North Carolina",145
"Swain","North Carolina",76
"Transylvania","North Carolina",123
"Tyrrell","North Carolina",337
"Union","North Carolina",145
"Vance","North Carolina",502
"Wake","North Carolina",370
"Warren","North Carolina",385
"Washington","North Carolina",416
"Watauga","North Carolina",64
"Wayne","North Carolina",318
"Wilkes","North Carolina",111
"Wilson","North Carolina",508
"Yadkin","North Carolina",115
"Yancey","North Carolina",70
"Adams","North Dakota",-1
"Barnes","North Dakota",-1
"Benson","North Dakota",-1
"Billings","North Dakota",-1
"Bottineau","North Dakota",-1
"Bowman","North Dakota",0
"Burke","North Dakota",-1
"Burleigh","North Dakota",76
"Cass","North Dakota",131
"Cavalier","North Dakota",0
"Dickey","North Dakota",-1
"Divide","North Dakota",-1
"Dunn","North Dakota",222
"Eddy","North Dakota",0
"Emmons","North Dakota",0
"Foster","North Dakota",-1
"Golden Valley","North Dakota",0
"Grand Forks","North Dakota",93
"Grant","North Dakota",0
"Griggs","North Dakota",0
"Hettinger","North Dakota",-1
"Kidder","North Dakota",-1
"LaMoure","North Dakota",-1
"Logan","North Dakota",0
"McHenry","North Dakota",-1
"McIntosh","North Dakota",0
"McKenzie","North Dakota",112
"McLean","North Dakota",-1
"Mercer","North Dakota",-1
"Morton","North Dakota",69
"Mountrail","North Dakota",-1
"Nelson","North Dakota",251
"Oliver","North Dakota",0
"Pembina","North Dakota",106
"Pierce","North Dakota",-1
"Ramsey","North Dakota",0
"Ransom","North Dakota",0
"Renville","North Dakota",0
"Richland","North Dakota",66
"Rolette","North Dakota",-1
"Sargent","North Dakota",-1
"Sheridan","North Dakota",0
"Sioux","North Dakota",0
"Slope","North Dakota",0
"Stark","North Dakota",63
"Steele","North Dakota",0
"Stutsman","North Dakota",51
"Towner","North Dakota",-1
"Traill","North Dakota",-1
"Walsh","North Dakota",104
"Ward","North Dakota",78
"Wells","North Dakota",-1
"Williams","North Dakota",61
"Adams","Ohio",83
"Allen","Ohio",200
"Ashland","Ohio",40
"Ashtabula","Ohio",146
"Athens","Ohio",93
"Auglaize","Ohio",50
"Belmont","Ohio",150
"Brown","Ohio",68
"Butler","Ohio",141
"Carroll","Ohio",43
"Champaign","Ohio",94
"Clark","Ohio",144
"Clermont","Ohio",94
"Clinton","Ohio",102
"Columbiana","Ohio",97
"Coshocton","Ohio",73
"Crawford","Ohio",83
"Cuyahoga","Ohio",469
"Darke","Ohio",82
"Defiance","Ohio",88
"Delaware","Ohio",74
"Erie","Ohio",144
"Fairfield","Ohio",153
"Fayette","Ohio",88
"Franklin","Ohio",474
"Fulton","Ohio",49
"Gallia","Ohio",84
"Geauga","Ohio",39
"Greene","Ohio",138
"Guernsey","Ohio",95
"Hamilton","Ohio",456
"Hancock","Ohio",94
"Hardin","Ohio",84
"Harrison","Ohio",62
"Henry","Ohio",44
"Highland","Ohio",75
"Hocking","Ohio",113
"Holmes","Ohio",-1
"Huron","Ohio",77
"Jackson","Ohio",104
"Jefferson","Ohio",116
"Knox","Ohio",73
"Lake","Ohio",104
"Lawrence","Ohio",124
"Licking","Ohio",127
"Logan","Ohio",79
"Lorain","Ohio",171
"Lucas","Ohio",284
"Madison","Ohio",243
"Mahoning","Ohio",277
"Marion","Ohio",221
"Medina","Ohio",70
"Meigs","Ohio",57
"Mercer","Ohio",57
"Miami","Ohio",89
"Monroe","Ohio",69
"Montgomery","Ohio",336
"Morgan","Ohio",146
"Morrow","Ohio",57
"Muskingum","Ohio",97
"Noble","Ohio",225
"Ottawa","Ohio",37
"Paulding","Ohio",45
"Perry","Ohio",106
"Pickaway","Ohio",270
"Pike","Ohio",91
"Portage","Ohio",80
"Preble","Ohio",49
"Putnam","Ohio",40
"Richland","Ohio",152
"Ross","Ohio",166
"Sandusky","Ohio",101
"Scioto","Ohio",103
"Seneca","Ohio",60
"Shelby","Ohio",80
"Stark","Ohio",160
"Summit","Ohio",217
"Trumbull","Ohio",141
"Tuscarawas","Ohio",40
"Union","Ohio",143
"Van Wert","Ohio",43
"Vinton","Ohio",-1
"Warren","Ohio",109
"Washington","Ohio",84
"Wayne","Ohio",75
"Williams","Ohio",104
"Wood","Ohio",75
"Wyandot","Ohio",33
"Adair","Oklahoma",79
"Alfalfa","Oklahoma",285
"Atoka","Oklahoma",52
"Beaver","Oklahoma",-1
"Beckham","Oklahoma",148
"Blaine","Oklahoma",350
"Bryan","Oklahoma",133
"Caddo","Oklahoma",148
"Canadian","Oklahoma",128
"Carter","Oklahoma",111
"Cherokee","Oklahoma",92
"Choctaw","Oklahoma",149
"Cimarron","Oklahoma",0
"Cleveland","Oklahoma",128
"Coal","Oklahoma",-1
"Comanche","Oklahoma",213
"Cotton","Oklahoma",-1
"Craig","Oklahoma",200
"Creek","Oklahoma",137
"Custer","Oklahoma",85
"Delaware","Oklahoma",78
"Dewey","Oklahoma",0
"Ellis","Oklahoma",-1
"Garfield","Oklahoma",85
"Garvin","Oklahoma",61
"Grady","Oklahoma",60
"Grant","Oklahoma",-1
"Greer","Oklahoma",407
"Harmon","Oklahoma",-1
"Harper","Oklahoma",-1
"Haskell","Oklahoma",57
"Hughes","Oklahoma",190
"Jackson","Oklahoma",96
"Jefferson","Oklahoma",-1
"Johnston","Oklahoma",100
"Kay","Oklahoma",112
"Kingfisher","Oklahoma",94
"Kiowa","Oklahoma",-1
"Latimer","Oklahoma",94
"Le Flore","Oklahoma",140
"Lincoln","Oklahoma",106
"Logan","Oklahoma",90
"Love","Oklahoma",95
"Major","Oklahoma",-1
"Marshall","Oklahoma",70
"Mayes","Oklahoma",41
"McClain","Oklahoma",88
"McCurtain","Oklahoma",71
"McIntosh","Oklahoma",165
"Murray","Oklahoma",69
"Muskogee","Oklahoma",192
"Noble","Oklahoma",161
"Nowata","Oklahoma",130
"Okfuskee","Oklahoma",233
"Oklahoma","Oklahoma",366
"Okmulgee","Oklahoma",119
"Osage","Oklahoma",186
"Ottawa","Oklahoma",71
"Pawnee","Oklahoma",109
"Payne","Oklahoma",98
"Pittsburg","Oklahoma",115
"Pontotoc","Oklahoma",95
"Pottawatomie","Oklahoma",153
"Pushmataha","Oklahoma",-1
"Roger Mills","Oklahoma",-1
"Rogers","Oklahoma",96
"Seminole","Oklahoma",85
"Sequoyah","Oklahoma",142
"Stephens","Oklahoma",75
"Texas","Oklahoma",70
"Tillman","Oklahoma",83
"Tulsa","Oklahoma",310
"Wagoner","Oklahoma",67
"Washington","Oklahoma",120
"Washita","Oklahoma",-1
"Woods","Oklahoma",109
"Woodward","Oklahoma",141
"Baker","Oregon",100
"Benton","Oregon",80
"Clackamas","Oregon",171
"Clatsop","Oregon",180
"Columbia","Oregon",113
"Coos","Oregon",137
"Crook","Oregon",102
"Curry","Oregon",81
"Deschutes","Oregon",82
"Douglas","Oregon",102
"Gilliam","Oregon",-1
"Grant","Oregon",-1
"Harney","Oregon",79
"Hood River","Oregon",98
"Jackson","Oregon",162
"Jefferson","Oregon",131
"Josephine","Oregon",101
"Klamath","Oregon",64
"Lake","Oregon",73
"Lane","Oregon",131
"Lincoln","Oregon",116
"Linn","Oregon",106
"Malheur","Oregon",155
"Marion","Oregon",157
"Morrow","Oregon",96
"Multnomah","Oregon",465
"Polk","Oregon",95
"Sherman","Oregon",-1
"Tillamook","Oregon",105
"Umatilla","Oregon",108
"Union","Oregon",76
"Wallowa","Oregon",-1
"Wasco","Oregon",121
"Washington","Oregon",170
"Wheeler","Oregon",0
"Yamhill","Oregon",108
"Adams","Pennsylvania",205
"Allegheny","Pennsylvania",294
"Armstrong","Pennsylvania",81
"Beaver","Pennsylvania",97
"Bedford","Pennsylvania",94
"Berks","Pennsylvania",320
"Blair","Pennsylvania",113
"Bradford","Pennsylvania",79
"Bucks","Pennsylvania",173
"Butler","Pennsylvania",61
"Cambria","Pennsylvania",121
"Cameron","Pennsylvania",-1
"Carbon","Pennsylvania",271
"Centre","Pennsylvania",149
"Chester","Pennsylvania",125
"Clarion","Pennsylvania",268
"Clearfield","Pennsylvania",119
"Clinton","Pennsylvania",77
"Columbia","Pennsylvania",184
"Crawford","Pennsylvania",117
"Cumberland","Pennsylvania",153
"Dauphin","Pennsylvania",484
"Delaware","Pennsylvania",308
"Elk","Pennsylvania",62
"Erie","Pennsylvania",136
"Fayette","Pennsylvania",114
"Forest","Pennsylvania",102
"Franklin","Pennsylvania",119
"Fulton","Pennsylvania",72
"Greene","Pennsylvania",98
"Huntingdon","Pennsylvania",115
"Indiana","Pennsylvania",62
"Jefferson","Pennsylvania",-1
"Juniata","Pennsylvania",106
"Lackawanna","Pennsylvania",236
"Lancaster","Pennsylvania",182
"Lawrence","Pennsylvania",100
"Lebanon","Pennsylvania",198
"Lehigh","Pennsylvania",393
"Luzerne","Pennsylvania",178
"Lycoming","Pennsylvania",198
"McKean","Pennsylvania",55
"Mercer","Pennsylvania",84
"Mifflin","Pennsylvania",80
"Monroe","Pennsylvania",237
"Montgomery","Pennsylvania",121
"Montour","Pennsylvania",123
"Northampton","Pennsylvania",73
"Northumberland","Pennsylvania",113
"Perry","Pennsylvania",59
"Philadelphia","Pennsylvania",1283
"Pike","Pennsylvania",264
"Potter","Pennsylvania",64
"Schuylkill","Pennsylvania",158
"Snyder","Pennsylvania",81
"Somerset","Pennsylvania",110
"Sullivan","Pennsylvania",-1
"Susquehanna","Pennsylvania",89
"Tioga","Pennsylvania",78
"Union","Pennsylvania",250
"Venango","Pennsylvania",78
"Warren","Pennsylvania",39
"Washington","Pennsylvania",59
"Wayne","Pennsylvania",73
"Westmoreland","Pennsylvania",50
"Wyoming","Pennsylvania",43
"York","Pennsylvania",232
"Adjuntas","Puerto Rico",159
"Aguada","Puerto Rico",65
"Aguadilla","Puerto Rico",243
"Aguas Buenas","Puerto Rico",242
"Aibonito","Puerto Rico",222
"Aasco","Puerto Rico",185
"Arecibo","Puerto Rico",397
"Arroyo","Puerto Rico",328
"Barceloneta","Puerto Rico",253
"Barranquitas","Puerto Rico",244
"Bayamn","Puerto Rico",643
"Cabo Rojo","Puerto Rico",120
"Caguas","Puerto Rico",447
"Camuy","Puerto Rico",160
"Canvanas","Puerto Rico",350
"Carolina","Puerto Rico",535
"Catao","Puerto Rico",1226
"Cayey","Puerto Rico",303
"Ceiba","Puerto Rico",335
"Ciales","Puerto Rico",423
"Cidra","Puerto Rico",234
"Coamo","Puerto Rico",136
"Comero","Puerto Rico",300
"Corozal","Puerto Rico",293
"Culebra","Puerto Rico",-1
"Dorado","Puerto Rico",313
"Fajardo","Puerto Rico",409
"Florida","Puerto Rico",244
"Gunica","Puerto Rico",213
"Guayama","Puerto Rico",471
"Guayanilla","Puerto Rico",164
"Guaynabo","Puerto Rico",345
"Gurabo","Puerto Rico",248
"Hatillo","Puerto Rico",223
"Hormigueros","Puerto Rico",136
"Humacao","Puerto Rico",426
"Isabela","Puerto Rico",134
"Jayuya","Puerto Rico",101
"Juana Daz","Puerto Rico",334
"Juncos","Puerto Rico",380
"Lajas","Puerto Rico",109
"Lares","Puerto Rico",167
"Las Maras","Puerto Rico",89
"Las Piedras","Puerto Rico",211
"Loza","Puerto Rico",494
"Luquillo","Puerto Rico",289
"Manat","Puerto Rico",333
"Maricao","Puerto Rico",-1
"Maunabo","Puerto Rico",374
"Mayagez","Puerto Rico",298
"Moca","Puerto Rico",108
"Morovis","Puerto Rico",221
"Naguabo","Puerto Rico",262
"Naranjito","Puerto Rico",252
"Orocovis","Puerto Rico",207
"Patillas","Puerto Rico",252
"Peuelas","Puerto Rico",228
"Ponce","Puerto Rico",547
"Quebradillas","Puerto Rico",278
"Rincn","Puerto Rico",139
"Ro Grande","Puerto Rico",235
"Sabana Grande","Puerto Rico",95
"Salinas","Puerto Rico",228
"San Germn","Puerto Rico",117
"San Juan","Puerto Rico",1231
"San Lorenzo","Puerto Rico",234
"San Sebastin","Puerto Rico",126
"Santa Isabel","Puerto Rico",303
"Toa Alta","Puerto Rico",230
"Toa Baja","Puerto Rico",557
"Trujillo Alto","Puerto Rico",408
"Utuado","Puerto Rico",130
"Vega Alta","Puerto Rico",518
"Vega Baja","Puerto Rico",461
"Vieques","Puerto Rico",411
"Villalba","Puerto Rico",169
"Yabucoa","Puerto Rico",313
"Yauco","Puerto Rico",229
"Bristol","Rhode Island",54
"Kent","Rhode Island",54
"Newport","Rhode Island",80
"Providence","Rhode Island",161
"Washington","Rhode Island",38
"Abbeville","South Carolina",265
"Aiken","South Carolina",342
"Allendale","South Carolina",541
"Anderson","South Carolina",215
"Bamberg","South Carolina",693
"Barnwell","South Carolina",681
"Beaufort","South Carolina",216
"Berkeley","South Carolina",243
"Calhoun","South Carolina",372
"Charleston","South Carolina",489
"Cherokee","South Carolina",216
"Chester","South Carolina",340
"Chesterfield","South Carolina",233
"Clarendon","South Carolina",579
"Colleton","South Carolina",577
"Darlington","South Carolina",477
"Dillon","South Carolina",585
"Dorchester","South Carolina",329
"Edgefield","South Carolina",513
"Fairfield","South Carolina",519
"Florence","South Carolina",682
"Georgetown","South Carolina",427
"Greenville","South Carolina",341
"Greenwood","South Carolina",397
"Hampton","South Carolina",701
"Horry","South Carolina",328
"Jasper","South Carolina",312
"Kershaw","South Carolina",337
"Lancaster","South Carolina",372
"Laurens","South Carolina",368
"Lee","South Carolina",1249
"Lexington","South Carolina",319
"Marion","South Carolina",629
"Marlboro","South Carolina",474
"McCormick","South Carolina",366
"Newberry","South Carolina",362
"Oconee","South Carolina",152
"Orangeburg","South Carolina",663
"Pickens","South Carolina",162
"Richland","South Carolina",874
"Saluda","South Carolina",227
"Spartanburg","South Carolina",272
"Sumter","South Carolina",632
"Union","South Carolina",291
"Williamsburg","South Carolina",864
"York","South Carolina",209
"Aurora","South Dakota",-1
"Beadle","South Dakota",34
"Bennett","South Dakota",-1
"Bon Homme","South Dakota",136
"Brookings","South Dakota",46
"Brown","South Dakota",75
"Brule","South Dakota",-1
"Buffalo","South Dakota",-1
"Butte","South Dakota",81
"Campbell","South Dakota",-1
"Charles Mix","South Dakota",-1
"Clark","South Dakota",-1
"Clay","South Dakota",81
"Codington","South Dakota",47
"Corson","South Dakota",0
"Custer","South Dakota",-1
"Davison","South Dakota",67
"Day","South Dakota",0
"Deuel","South Dakota",-1
"Dewey","South Dakota",267
"Douglas","South Dakota",0
"Edmunds","South Dakota",0
"Fall River","South Dakota",-1
"Faulk","South Dakota",-1
"Grant","South Dakota",-1
"Gregory","South Dakota",0
"Haakon","South Dakota",-1
"Hamlin","South Dakota",-1
"Hand","South Dakota",0
"Hanson","South Dakota",0
"Harding","South Dakota",0
"Hughes","South Dakota",77
"Hutchinson","South Dakota",-1
"Hyde","South Dakota",0
"Jackson","South Dakota",245
"Jerauld","South Dakota",-1
"Jones","South Dakota",0
"Kingsbury","South Dakota",-1
"Lake","South Dakota",-1
"Lawrence","South Dakota",43
"Lincoln","South Dakota",30
"Lyman","South Dakota",0
"Marshall","South Dakota",-1
"McCook","South Dakota",-1
"McPherson","South Dakota",-1
"Meade","South Dakota",91
"Mellette","South Dakota",0
"Miner","South Dakota",-1
"Minnehaha","South Dakota",194
"Moody","South Dakota",95
"Oglala Lakota","South Dakota",194
"Pennington","South Dakota",104
"Perkins","South Dakota",-1
"Potter","South Dakota",0
"Roberts","South Dakota",-1
"Sanborn","South Dakota",-1
"Spink","South Dakota",-1
"Stanley","South Dakota",0
"Sully","South Dakota",0
"Todd","South Dakota",-1
"Tripp","South Dakota",0
"Turner","South Dakota",-1
"Union","South Dakota",-1
"Walworth","South Dakota",-1
"Yankton","South Dakota",104
"Ziebach","South Dakota",-1
"Anderson","Tennessee",117
"Bedford","Tennessee",163
"Benton","Tennessee",94
"Bledsoe","Tennessee",576
"Blount","Tennessee",99
"Bradley","Tennessee",145
"Campbell","Tennessee",62
"Cannon","Tennessee",247
"Carroll","Tennessee",132
"Carter","Tennessee",111
"Cheatham","Tennessee",200
"Chester","Tennessee",101
"Claiborne","Tennessee",50
"Clay","Tennessee",-1
"Cocke","Tennessee",141
"Coffee","Tennessee",136
"Crockett","Tennessee",161
"Cumberland","Tennessee",102
"Davidson","Tennessee",640
"Decatur","Tennessee",161
"DeKalb","Tennessee",170
"Dickson","Tennessee",157
"Dyer","Tennessee",124
"Fayette","Tennessee",245
"Fentress","Tennessee",81
"Franklin","Tennessee",74
"Gibson","Tennessee",182
"Giles","Tennessee",179
"Grainger","Tennessee",98
"Greene","Tennessee",98
"Grundy","Tennessee",130
"Hamblen","Tennessee",134
"Hamilton","Tennessee",334
"Hancock","Tennessee",90
"Hardeman","Tennessee",195
"Hardin","Tennessee",145
"Hawkins","Tennessee",83
"Haywood","Tennessee",627
"Henderson","Tennessee",114
"Henry","Tennessee",116
"Hickman","Tennessee",152
"Houston","Tennessee",-1
"Humphreys","Tennessee",114
"Jackson","Tennessee",87
"Jefferson","Tennessee",92
"Johnson","Tennessee",177
"Knox","Tennessee",243
"Lake","Tennessee",877
"Lauderdale","Tennessee",288
"Lawrence","Tennessee",104
"Lewis","Tennessee",57
"Lincoln","Tennessee",137
"Loudon","Tennessee",78
"Macon","Tennessee",49
"Madison","Tennessee",304
"Marion","Tennessee",134
"Marshall","Tennessee",116
"Maury","Tennessee",205
"McMinn","Tennessee",112
"McNairy","Tennessee",100
"Meigs","Tennessee",93
"Monroe","Tennessee",97
"Montgomery","Tennessee",232
"Moore","Tennessee",-1
"Morgan","Tennessee",172
"Obion","Tennessee",122
"Overton","Tennessee",109
"Perry","Tennessee",103
"Pickett","Tennessee",-1
"Polk","Tennessee",75
"Putnam","Tennessee",148
"Rhea","Tennessee",43
"Roane","Tennessee",96
"Robertson","Tennessee",199
"Rutherford","Tennessee",231
"Scott","Tennessee",33
"Sequatchie","Tennessee",85
"Sevier","Tennessee",145
"Shelby","Tennessee",819
"Smith","Tennessee",170
"Stewart","Tennessee",42
"Sullivan","Tennessee",129
"Sumner","Tennessee",144
"Tipton","Tennessee",141
"Trousdale","Tennessee",182
"Unicoi","Tennessee",96
"Union","Tennessee",76
"Van Buren","Tennessee",138
"Warren","Tennessee",115
"Washington","Tennessee",223
"Wayne","Tennessee",122
"Weakley","Tennessee",59
"White","Tennessee",102
"Williamson","Tennessee",92
"Wilson","Tennessee",145
"Anderson","Texas",652
"Andrews","Texas",89
"Angelina","Texas",243
"Aransas","Texas",178
"Archer","Texas",-1
"Armstrong","Texas",-1
"Atascosa","Texas",151
"Austin","Texas",216
"Bailey","Texas",-1
"Bandera","Texas",123
"Bastrop","Texas",247
"Baylor","Texas",-1
"Bee","Texas",480
"Bell","Texas",293
"Bexar","Texas",407
"Blanco","Texas",83
"Borden","Texas",2449
"Bosque","Texas",145
"Bowie","Texas",318
"Brazoria","Texas",295
"Brazos","Texas",208
"Brewster","Texas",62
"Briscoe","Texas",0
"Brooks","Texas",217
"Brown","Texas",118
"Burleson","Texas",153
"Burnet","Texas",125
"Caldwell","Texas",238
"Calhoun","Texas",155
"Callahan","Texas",100
"Cameron","Texas",286
"Camp","Texas",207
"Carson","Texas",-1
"Cass","Texas",198
"Castro","Texas",-1
"Chambers","Texas",101
"Cherokee","Texas",284
"Childress","Texas",144
"Clay","Texas",98
"Cochran","Texas",-1
"Coke","Texas",-1
"Coleman","Texas",130
"Collin","Texas",234
"Collingsworth","Texas",0
"Colorado","Texas",251
"Comal","Texas",152
"Comanche","Texas",104
"Concho","Texas",803
"Cooke","Texas",102
"Coryell","Texas",384
"Cottle","Texas",-1
"Crane","Texas",131
"Crockett","Texas",-1
"Crosby","Texas",371
"Culberson","Texas",-1
"Dallam","Texas",145
"Dallas","Texas",884
"Dawson","Texas",133
"Deaf Smith","Texas",127
"Delta","Texas",202
"Denton","Texas",206
"DeWitt","Texas",-1
"Dickens","Texas",-1
"Dimmit","Texas",88
"Donley","Texas",176
"Duval","Texas",167
"Eastland","Texas",96
"Ector","Texas",219
"Edwards","Texas",310
"El Paso","Texas",356
"Ellis","Texas",236
"Erath","Texas",49
"Falls","Texas",315
"Fannin","Texas",212
"Fayette","Texas",137
"Fisher","Texas",-1
"Floyd","Texas",107
"Foard","Texas",0
"Fort Bend","Texas",258
"Franklin","Texas",121
"Freestone","Texas",514
"Frio","Texas",822
"Gaines","Texas",43
"Galveston","Texas",382
"Garza","Texas",939
"Gillespie","Texas",73
"Glasscock","Texas",-1
"Goliad","Texas",137
"Gonzales","Texas",141
"Gray","Texas",112
"Grayson","Texas",174
"Gregg","Texas",500
"Grimes","Texas",384
"Guadalupe","Texas",130
"Hale","Texas",158
"Hall","Texas",-1
"Hamilton","Texas",83
"Hansford","Texas",-1
"Hardeman","Texas",-1
"Hardin","Texas",125
"Harris","Texas",705
"Harrison","Texas",182
"Hartley","Texas",-1
"Haskell","Texas",315
"Hays","Texas",186
"Hemphill","Texas",-1
"Henderson","Texas",185
"Hidalgo","Texas",230
"Hill","Texas",135
"Hockley","Texas",91
"Hood","Texas",127
"Hopkins","Texas",162
"Houston","Texas",690
"Howard","Texas",584
"Hudspeth","Texas",214
"Hunt","Texas",159
"Hutchinson","Texas",117
"Irion","Texas",-1
"Jack","Texas",117
"Jackson","Texas",66
"Jasper","Texas",138
"Jeff Davis","Texas",-1
"Jefferson","Texas",583
"Jim Hogg","Texas",147
"Jim Wells","Texas",98
"Johnson","Texas",198
"Jones","Texas",207
"Karnes","Texas",632
"Kaufman","Texas",277
"Kendall","Texas",134
"Kenedy","Texas",0
"Kent","Texas",0
"Kerr","Texas",155
"Kimble","Texas",-1
"King","Texas",0
"Kinney","Texas",252
"Kleberg","Texas",116
"Knox","Texas",-1
"La Salle","Texas",248
"Lamar","Texas",179
"Lamb","Texas",205
"Lampasas","Texas",113
"Lavaca","Texas",142
"Lee","Texas",149
"Leon","Texas",204
"Liberty","Texas",315
"Limestone","Texas",224
"Lipscomb","Texas",0
"Live Oak","Texas",105
"Llano","Texas",163
"Loving","Texas",0
"Lubbock","Texas",208
"Lynn","Texas",103
"Madison","Texas",433
"Marion","Texas",310
"Martin","Texas",-1
"Mason","Texas",-1
"Matagorda","Texas",255
"Maverick","Texas",206
"McCulloch","Texas",165
"McLennan","Texas",239
"McMullen","Texas",0
"Medina","Texas",150
"Menard","Texas",-1
"Midland","Texas",154
"Milam","Texas",197
"Mills","Texas",0
"Mitchell","Texas",116
"Montague","Texas",83
"Montgomery","Texas",188
"Moore","Texas",132
"Morris","Texas",164
"Motley","Texas",0
"Nacogdoches","Texas",208
"Navarro","Texas",246
"Newton","Texas",94
"Nolan","Texas",148
"Nueces","Texas",215
"Ochiltree","Texas",67
"Oldham","Texas",0
"Orange","Texas",228
"Palo Pinto","Texas",110
"Panola","Texas",205
"Parker","Texas",113
"Parmer","Texas",78
"Pecos","Texas",163
"Polk","Texas",449
"Potter","Texas",307
"Presidio","Texas",96
"Rains","Texas",102
"Randall","Texas",132
"Reagan","Texas",-1
"Real","Texas",-1
"Red River","Texas",165
"Reeves","Texas",883
"Refugio","Texas",-1
"Roberts","Texas",0
"Robertson","Texas",147
"Rockwall","Texas",138
"Runnels","Texas",138
"Rusk","Texas",294
"Sabine","Texas",130
"San Augustine","Texas",226
"San Jacinto","Texas",201
"San Patricio","Texas",145
"San Saba","Texas",154
"Schleicher","Texas",-1
"Scurry","Texas",103
"Shackelford","Texas",-1
"Shelby","Texas",207
"Sherman","Texas",-1
"Smith","Texas",265
"Somervell","Texas",77
"Starr","Texas",78
"Stephens","Texas",189
"Sterling","Texas",0
"Stonewall","Texas",-1
"Sutton","Texas",-1
"Swisher","Texas",115
"Tarrant","Texas",358
"Taylor","Texas",203
"Terrell","Texas",-1
"Terry","Texas",287
"Throckmorton","Texas",0
"Titus","Texas",149
"Tom Green","Texas",153
"Travis","Texas",468
"Trinity","Texas",234
"Tyler","Texas",385
"Upshur","Texas",134
"Upton","Texas",-1
"Uvalde","Texas",120
"Val Verde","Texas",126
"Van Zandt","Texas",114
"Victoria","Texas",188
"Walker","Texas",1025
"Waller","Texas",160
"Ward","Texas",94
"Washington","Texas",175
"Webb","Texas",241
"Wharton","Texas",244
"Wheeler","Texas",-1
"Wichita","Texas",144
"Wilbarger","Texas",-1
"Willacy","Texas",663
"Williamson","Texas",181
"Wilson","Texas",117
"Winkler","Texas",112
"Wise","Texas",110
"Wood","Texas",172
"Yoakum","Texas",76
"Young","Texas",53
"Zapata","Texas",101
"Zavala","Texas",116
"Beaver","Utah",-1
"Box Elder","Utah",63
"Cache","Utah",53
"Carbon","Utah",71
"Daggett","Utah",0
"Davis","Utah",78
"Duchesne","Utah",59
"Emery","Utah",-1
"Garfield","Utah",-1
"Grand","Utah",108
"Iron","Utah",59
"Juab","Utah",-1
"Kane","Utah",90
"Millard","Utah",96
"Morgan","Utah",-1
"Piute","Utah",0
"Rich","Utah",-1
"Salt Lake","Utah",227
"San Juan","Utah",41
"Sanpete","Utah",42
"Sevier","Utah",40
"Summit","Utah",92
"Tooele","Utah",74
"Uintah","Utah",50
"Utah","Utah",51
"Wasatch","Utah",36
"Washington","Utah",88
"Wayne","Utah",-1
"Weber","Utah",92
"Addison","Vermont",28
"Bennington","Vermont",32
"Caledonia","Vermont",39
"Chittenden","Vermont",25
"Essex","Vermont",-1
"Franklin","Vermont",17
"Grand Isle","Vermont",-1
"Lamoille","Vermont",-1
"Orange","Vermont",20
"Orleans","Vermont",39
"Rutland","Vermont",30
"Washington","Vermont",22
"Windham","Vermont",27
"Windsor","Vermont",29
"Accomack","Virginia",393
"Albemarle","Virginia",199
"Alexandria","Virginia",836
"Alleghany","Virginia",125
"Amelia","Virginia",170
"Amherst","Virginia",180
"Appomattox","Virginia",103
"Arlington","Virginia",578
"Augusta","Virginia",90
"Bath","Virginia",-1
"Bedford","Virginia",100
"Bedford","Virginia",undefined
"Bland","Virginia",161
"Botetourt","Virginia",123
"Bristol","Virginia",189
"Brunswick","Virginia",421
"Buchanan","Virginia",83
"Buckingham","Virginia",381
"Buena Vista","Virginia",92
"Campbell","Virginia",169
"Caroline","Virginia",268
"Carroll","Virginia",61
"Charles City","Virginia",342
"Charlotte","Virginia",179
"Charlottesville","Virginia",428
"Chesapeake","Virginia",322
"Chesterfield","Virginia",242
"Clarke","Virginia",149
"Colonial Heights","Virginia",264
"Covington","Virginia",361
"Craig","Virginia",111
"Culpeper","Virginia",236
"Cumberland","Virginia",245
"Danville","Virginia",524
"Dickenson","Virginia",49
"Dinwiddie","Virginia",192
"Emporia","Virginia",463
"Essex","Virginia",229
"Fairfax","Virginia",281
"Fairfax","Virginia",423
"Falls Church","Virginia",378
"Fauquier","Virginia",152
"Floyd","Virginia",139
"Fluvanna","Virginia",169
"Franklin","Virginia",127
"Franklin","Virginia",408
"Frederick","Virginia",132
"Fredericksburg","Virginia",479
"Galax","Virginia",96
"Giles","Virginia",98
"Gloucester","Virginia",149
"Goochland","Virginia",314
"Grayson","Virginia",139
"Greene","Virginia",148
"Greensville","Virginia",687
"Halifax","Virginia",280
"Hampton","Virginia",568
"Hanover","Virginia",134
"Harrisonburg","Virginia",180
"Henrico","Virginia",354
"Henry","Virginia",145
"Highland","Virginia",-1
"Hopewell","Virginia",571
"Isle of Wight","Virginia",243
"James City","Virginia",131
"King and Queen","Virginia",230
"King George","Virginia",203
"King William","Virginia",74
"Lancaster","Virginia",401
"Lee","Virginia",89
"Lexington","Virginia",-1
"Loudoun","Virginia",128
"Louisa","Virginia",141
"Lunenburg","Virginia",284
"Lynchburg","Virginia",343
"Madison","Virginia",105
"Manassas","Virginia",331
"Manassas Park","Virginia",215
"Martinsville","Virginia",296
"Mathews","Virginia",204
"Mecklenburg","Virginia",311
"Middlesex","Virginia",202
"Montgomery","Virginia",81
"Nelson","Virginia",239
"New Kent","Virginia",177
"Newport News","Virginia",611
"Norfolk","Virginia",932
"Northampton","Virginia",397
"Northumberland","Virginia",166
"Norton","Virginia",150
"Nottoway","Virginia",648
"Orange","Virginia",193
"Page","Virginia",83
"Patrick","Virginia",71
"Petersburg","Virginia",1420
"Pittsylvania","Virginia",160
"Poquoson","Virginia",87
"Portsmouth","Virginia",844
"Powhatan","Virginia",251
"Prince Edward","Virginia",250
"Prince George","Virginia",454
"Prince William","Virginia",290
"Pulaski","Virginia",84
"Radford","Virginia",36
"Rappahannock","Virginia",172
"Richmond","Virginia",350
"Richmond","Virginia",861
"Roanoke","Virginia",136
"Roanoke","Virginia",503
"Rockbridge","Virginia",75
"Rockingham","Virginia",91
"Russell","Virginia",43
"Salem","Virginia",154
"Scott","Virginia",63
"Shenandoah","Virginia",91
"Smyth","Virginia",149
"Southampton","Virginia",241
"Spotsylvania","Virginia",190
"Stafford","Virginia",190
"Staunton","Virginia",277
"Suffolk","Virginia",349
"Surry","Virginia",284
"Sussex","Virginia",596
"Tazewell","Virginia",57
"Virginia Beach","Virginia",315
"Warren","Virginia",187
"Washington","Virginia",74
"Waynesboro","Virginia",285
"Westmoreland","Virginia",184
"Williamsburg","Virginia",316
"Winchester","Virginia",340
"Wise","Virginia",118
"Wythe","Virginia",97
"York","Virginia",118
"Adams","Washington",94
"Asotin","Washington",82
"Benton","Washington",112
"Chelan","Washington",94
"Clallam","Washington",115
"Clark","Washington",201
"Columbia","Washington",-1
"Cowlitz","Washington",161
"Douglas","Washington",87
"Ferry","Washington",73
"Franklin","Washington",124
"Garfield","Washington",-1
"Grant","Washington",76
"Grays Harbor","Washington",157
"Island","Washington",142
"Jefferson","Washington",150
"King","Washington",366
"Kitsap","Washington",152
"Kittitas","Washington",76
"Klickitat","Washington",117
"Lewis","Washington",98
"Lincoln","Washington",74
"Mason","Washington",151
"Okanogan","Washington",87
"Pacific","Washington",175
"Pend Oreille","Washington",82
"Pierce","Washington",211
"San Juan","Washington",144
"Skagit","Washington",98
"Skamania","Washington",47
"Snohomish","Washington",175
"Spokane","Washington",162
"Stevens","Washington",51
"Thurston","Washington",135
"Wahkiakum","Washington",-1
"Walla Walla","Washington",107
"Whatcom","Washington",125
"Whitman","Washington",63
"Yakima","Washington",126
"District of Columbia","Washington, D.C.",-4
"Barbour","West Virginia",49
"Berkeley","West Virginia",173
"Boone","West Virginia",77
"Braxton","West Virginia",59
"Brooke","West Virginia",68
"Cabell","West Virginia",320
"Calhoun","West Virginia",-1
"Clay","West Virginia",-1
"Doddridge","West Virginia",106
"Fayette","West Virginia",100
"Gilmer","West Virginia",272
"Grant","West Virginia",81
"Greenbrier","West Virginia",98
"Hampshire","West Virginia",98
"Hancock","West Virginia",68
"Hardy","West Virginia",120
"Harrison","West Virginia",113
"Jackson","West Virginia",37
"Jefferson","West Virginia",121
"Kanawha","West Virginia",275
"Lewis","West Virginia",-1
"Lincoln","West Virginia",53
"Logan","West Virginia",74
"Marion","West Virginia",73
"Marshall","West Virginia",100
"Mason","West Virginia",40
"McDowell","West Virginia",76
"Mercer","West Virginia",119
"Mineral","West Virginia",65
"Mingo","West Virginia",67
"Monongalia","West Virginia",129
"Monroe","West Virginia",245
"Morgan","West Virginia",102
"Nicholas","West Virginia",58
"Ohio","West Virginia",135
"Pendleton","West Virginia",83
"Pleasants","West Virginia",202
"Pocahontas","West Virginia",84
"Preston","West Virginia",114
"Putnam","West Virginia",75
"Raleigh","West Virginia",201
"Randolph","West Virginia",97
"Ritchie","West Virginia",122
"Roane","West Virginia",-1
"Summers","West Virginia",117
"Taylor","West Virginia",49
"Tucker","West Virginia",-1
"Tyler","West Virginia",81
"Upshur","West Virginia",39
"Wayne","West Virginia",48
"Webster","West Virginia",72
"Wetzel","West Virginia",47
"Wirt","West Virginia",-1
"Wood","West Virginia",92
"Wyoming","West Virginia",75
"Adams","Wisconsin",113
"Ashland","Wisconsin",61
"Barron","Wisconsin",78
"Bayfield","Wisconsin",45
"Brown","Wisconsin",109
"Buffalo","Wisconsin",-1
"Burnett","Wisconsin",36
"Calumet","Wisconsin",35
"Chippewa","Wisconsin",53
"Clark","Wisconsin",62
"Columbia","Wisconsin",81
"Crawford","Wisconsin",51
"Dane","Wisconsin",166
"Dodge","Wisconsin",94
"Door","Wisconsin",101
"Douglas","Wisconsin",71
"Dunn","Wisconsin",46
"Eau Claire","Wisconsin",56
"Florence","Wisconsin",0
"Fond du Lac","Wisconsin",64
"Forest","Wisconsin",-1
"Grant","Wisconsin",48
"Green","Wisconsin",22
"Green Lake","Wisconsin",56
"Iowa","Wisconsin",65
"Iron","Wisconsin",-1
"Jackson","Wisconsin",-1
"Jefferson","Wisconsin",53
"Juneau","Wisconsin",78
"Kenosha","Wisconsin",148
"Kewaunee","Wisconsin",52
"La Crosse","Wisconsin",104
"Lafayette","Wisconsin",-1
"Langlade","Wisconsin",-1
"Lincoln","Wisconsin",54
"Manitowoc","Wisconsin",55
"Marathon","Wisconsin",58
"Marinette","Wisconsin",60
"Marquette","Wisconsin",96
"Menominee","Wisconsin",233
"Milwaukee","Wisconsin",401
"Monroe","Wisconsin",63
"Oconto","Wisconsin",21
"Oneida","Wisconsin",48
"Outagamie","Wisconsin",79
"Ozaukee","Wisconsin",38
"Pepin","Wisconsin",0
"Pierce","Wisconsin",44
"Polk","Wisconsin",42
"Portage","Wisconsin",58
"Price","Wisconsin",-1
"Racine","Wisconsin",147
"Richland","Wisconsin",-1
"Rock","Wisconsin",114
"Rusk","Wisconsin",-1
"Sauk","Wisconsin",68
"Sawyer","Wisconsin",55
"Shawano","Wisconsin",49
"Sheboygan","Wisconsin",69
"St. Croix","Wisconsin",35
"Taylor","Wisconsin",35
"Trempealeau","Wisconsin",45
"Vernon","Wisconsin",48
"Vilas","Wisconsin",-1
"Walworth","Wisconsin",52
"Washburn","Wisconsin",73
"Washington","Wisconsin",44
"Waukesha","Wisconsin",48
"Waupaca","Wisconsin",32
"Waushara","Wisconsin",71
"Winnebago","Wisconsin",80
"Wood","Wisconsin",78
"Albany","Wyoming",35
"Big Horn","Wyoming",-1
"Campbell","Wyoming",64
"Carbon","Wyoming",73
"Converse","Wyoming",-1
"Crook","Wyoming",-1
"Fremont","Wyoming",84
"Goshen","Wyoming",88
"Hot Springs","Wyoming",0
"Johnson","Wyoming",-1
"Laramie","Wyoming",95
"Lincoln","Wyoming",30
"Natrona","Wyoming",43
"Niobrara","Wyoming",-1
"Park","Wyoming",28
"Platte","Wyoming",-1
"Sheridan","Wyoming",38
"Sublette","Wyoming",0
"Sweetwater","Wyoming",49
"Teton","Wyoming",24
"Uinta","Wyoming",-1
"Washakie","Wyoming",-1
"Weston","Wyoming",-1